Date,MSFT,INTC,UPS,VZ,JPM,AXP,PFE,MRK,JNJ,XOM,AMT,BAC,AAPL,GS,CVX,T,DIS,NEE,CAT,PG,UNH,SPY,CSCO,FCX,HD,NKE,HON,ORCL,WMT,MCD,KO
2010-01-31,-0.09376005823334888,-0.07351873737899206,-0.007071571163415058,-0.10893243430993937,-0.09568368363843405,-0.07867335111519269,-0.014365840607882596,0.03112339990663937,-0.028541411646451298,-0.07069851095891622,-0.023513563622797662,-0.033044814090819496,-0.10821481593296856,-0.15168855612202847,-0.09187542511941116,-0.09978772848172301,-0.08183748661437562,-0.08808740810329674,-0.10723329487487243,0.014165106770027691,0.04556761647960439,-0.05383683667612438,-0.09421725898869804,-0.22254134839296613,-0.023289562991558377,-0.024787903974770487,-0.043303389466895936,-0.0727399077122759,-0.014862263632425154,-0.005591081188169422,-0.05014977802074938
2010-02-28,0.021903858814590116,0.06458179129775088,0.02492095909235026,-0.016795126031453833,0.0749333972507169,0.013975801689372513,-0.05192855853220779,-0.034642012386924215,0.009846502229403864,0.015310326298773269,0.004934634168094032,0.09303193938471166,0.06334676529209182,0.05227131518156458,0.012017771331434446,-0.021926627669760723,0.0556157078577062,-0.039516175843221646,0.08807971930295233,0.027719309090867394,0.02572720986160748,0.030717748780912935,0.0795291308545103,0.11956419962353149,0.10785659978104123,0.05863870804116189,0.046399280405776455,0.06667710042521291,0.011907162604656296,0.0309544409118212,-0.028608252637079445
2010-03-31,0.02139453430318916,0.08225087019464805,0.09214760991413717,0.06975267791683493,0.06413651893158567,0.08166840777755091,-0.0230559368051928,0.023079875515902515,0.03432482336584197,0.03000690949714846,-0.0011729446227990437,0.06960074082501899,0.1384306679450078,0.08740096578518752,0.047670353062728044,0.04067756857231042,0.1110739270921699,0.041399194703259035,0.09682253233931837,-0.00015789303852020709,-0.03577712035438374,0.059098785965855605,0.06753962199475838,0.1057064735799047,0.04360751489159975,0.08767693681552613,0.11977281382777027,0.042103503645621654,0.033524548463724546,0.04396806224099903,0.050489530021407436
2010-04-30,0.04179140192503539,0.02437550431478064,0.0708651087068386,-0.0554488134335549,-0.04858932366276614,0.11135336907868254,-0.025392566851159426,-0.06384260888240911,-0.013899592957746343,0.011725598832849737,-0.04316175686817658,-0.0011214960920415962,0.10527968190490156,-0.16138572340606228,0.07137201062270382,0.029839971425378753,0.053810737465329606,0.07415242840819714,0.08629804397625973,-0.010032706029104776,-0.0740608250671686,0.015351280843471926,0.03399122612207428,-0.0990171913697413,0.08528379630074401,0.032263846648631134,0.04745356919751087,0.008119169188288478,-0.035888426884106206,0.05638369045270153,-0.028586645698084556
2010-05-31,-0.16416060200672655,-0.057160408382406214,-0.08990353551135577,-0.0489289743724628,-0.0730604855748771,-0.14562199571846524,-0.08285517464146563,-0.039288986176582164,-0.08886517147984074,-0.1073696364644916,-0.006884737767806737,-0.12467691913254919,-0.016255867190628326,-0.003996941539709198,-0.08826542007148808,-0.06992539867966086,-0.09742963054784148,-0.04158255768731678,-0.1138984446389224,-0.017363624055989124,-0.04177082242014052,-0.08278874071613185,-0.15081452830088038,-0.075320704978314,-0.03966372960552089,-0.04761916854169401,-0.09757036376278894,-0.1364621894768634,-0.05334178397387168,-0.04577107258435209,-0.03910795242808618
2010-06-30,-0.11444639273043622,-0.09647783910265417,-0.09819850483495784,0.018005676845996188,-0.0780024663031389,0.0002267538376297118,-0.06580832091012856,0.0483166067776728,0.01295156115390439,-0.05770321907041076,0.09344666030020399,-0.09041475729660453,-0.02104687981055431,-0.0943610256895564,-0.08486042765233481,-0.004537042727938312,-0.05916692074509999,-0.013442598848907306,-0.011421197752934376,-0.018336975536379363,-0.019129743955491385,-0.05312780937639783,-0.08324981662664266,-0.1694708287861073,-0.18053851484863426,-0.06535635252876482,-0.09150647273964552,-0.0504312333109902,-0.05050253756905443,-0.015067305444000478,-0.016794054142665438
2010-07-31,0.11483344723868472,0.057443806012491994,0.13326799224156982,0.11857929392036537,0.09690051382059384,0.11727858881287201,0.050591542968678294,-0.014691082682865009,-0.01656025680413231,0.0447186292332451,0.03835623006932831,-0.023232470990840248,0.02248624890056261,0.1388307738905672,0.11604612824889449,0.09289105506499151,0.06721351304415579,0.07008595485722191,0.15604431929025875,0.027278130423319613,0.06969670314450216,0.06606932182320602,0.07935677027614263,0.19527459856074758,0.015553407406989628,0.08632022189468369,0.0936086032552006,0.09889146737855992,0.06288642611065054,0.056947167100315,0.0949115057748462
2010-08-31,-0.08971865264596035,-0.14582346623018339,-0.011400790414366924,0.016044388141801758,-0.10238608782242453,-0.11300536254822902,0.06997489001949941,0.020109689152179033,-0.009204509916644898,-0.002467172428694653,0.013319182889415693,-0.11938682099611952,-0.05657542367824786,-0.09410998612310806,-0.01903860994425921,0.041161185824903246,-0.03473081923888177,0.03622750155327026,-0.06807157788665563,-0.02466434914719695,0.04086126403673296,-0.04602323149598497,-0.14330126681893018,0.006270575084732499,-0.01603235586348939,-0.05069305849281314,-0.08566662359144406,-0.07919701586168237,-0.014905972811204204,0.054111488782273565,0.013875002155255611
2010-09-30,0.04254204836745945,0.08304219287050874,0.04430212762833152,0.09859840547396681,0.045694738469756135,0.05275872019272443,0.07621564232222378,0.0562831490496114,0.08308635817090693,0.04434164983497624,0.08974605620339249,0.050891737055891006,0.15462018852213544,0.05436348947607961,0.0899206858863657,0.056459677858454516,0.017062938703162445,0.012209107555755327,0.1885431137927056,0.0050153275443634016,0.10521971401054975,0.08576922366909834,0.0912544613659989,0.17070209879278186,0.12993034944595294,0.13902994065579843,0.1177265907034708,0.20652263177664354,0.06523593366419256,0.01965296818180562,0.05370917410408449
2010-10-31,0.08527465782972543,0.043318517863457195,0.009699298526724576,0.011262827319722835,-0.010073342568753585,-0.008940928137593396,0.014455171740143768,-0.01367669078194389,0.02832350109209214,0.07330973199963742,0.006805220347018359,-0.13462265939836104,0.05895075654462767,0.10837901800310057,0.018943596870418578,0.01632030164320719,0.08759056401259935,0.011879606406823395,0.004475675961729042,0.06595501587246533,0.026420838431285176,0.03749037879351391,0.04290222826879875,0.10758321139253546,-0.024929442859339623,0.016091661113736055,0.06965960938926274,0.09188572619888546,0.012072446735912568,0.04282189974163275,0.04673748168010361
2010-11-30,-0.04819169227810294,0.06168216061512055,0.047432210346972425,-0.014576339725966836,-0.006130919681596403,0.04157388014690122,-0.05616810565120156,-0.052003809596769646,-0.026393773186133007,0.05141503837874417,-0.020357046779033272,-0.0446499523870445,0.033230778061361654,-0.02925928694153246,-0.011410514759788715,-0.025929329034016124,0.01046227306361125,-0.07406824036059456,0.073562860026537,-0.04012075060097997,0.012953576379185705,0.0,-0.17656387486215985,0.06661992707045439,-0.014863579277652583,0.05599117513265872,0.05999609010014462,-0.08262723661484506,-0.001478231388144291,0.01458897909735768,0.03661005318209387
2010-12-31,0.0997628838563469,-0.006162807934760206,0.03433851104987484,0.1113408267535636,0.12594919430046136,-0.006965345812951718,0.07160690336417552,0.05515478342248814,0.00486212045037826,0.04991238308397117,0.02093771825426538,0.19834092061717223,0.03601406122686024,0.07416325796807755,0.11952396567730705,0.055638210890230466,0.03790008486026997,0.02670455927353199,0.1017371638081217,0.052005251337309044,-0.00800023712215614,0.06471219353928781,0.05434211222894225,0.178922447372444,0.14888822775177246,-0.004733955056770434,0.06709964167202065,0.14593091767520816,0.002552796103972632,-0.019863965840723807,0.04033454793611746
2011-01-31,-0.0064702615764749005,0.020241015928603723,-0.013315062984931458,0.008557424048132312,0.05885665587227473,0.014765163122505864,0.0397484142543334,-0.08298315404284295,-0.03420808954964105,0.09838873352349209,-0.015219531966421673,0.028815923102853525,0.0506547213076618,-0.02736937397682393,0.03953747993471435,-0.04622908709766538,0.03561522389503935,0.02788238692473488,0.039833905738408504,-0.01144381711898168,0.12822135671618495,0.0230330448714664,0.04447261971483352,-0.09507584958424165,0.04762127245665848,-0.03502461907122445,0.052223987591298204,0.024660101039183147,0.03891348998918831,-0.04108792376670811,-0.04541284825877989
2011-02-28,-0.03646243595415255,0.008896391960589778,0.03698142148456407,0.035846357191717804,0.03820113672367986,0.004369792370150893,0.06493138842354718,-0.018254654113330382,0.03656021014599409,0.06363269331092036,0.05916625322057012,0.039976784917831854,0.04011906019425382,0.003098739226849112,0.09633702127619426,0.030771948896364698,0.11804035958025949,0.036908706953192816,0.05923503380748674,-0.0012679830201109965,0.03659392311833187,0.03414761820631895,-0.13063056993986422,-0.02655665949788455,0.018858101220899037,0.07641766940710237,0.03918121872949243,0.026799595139496812,-0.0757412556691972,0.035062167189418236,0.01688127969754394
2011-03-31,-0.04580417650035429,-0.06196453794032797,0.007020979299945385,0.042943239889623896,-0.012716876730906712,0.03672821792662395,0.054122470685963986,0.02503624522640724,-0.03629511561400589,-0.016504012806785262,-0.04046700990156671,-0.06882431595220861,-0.013395767238705503,-0.03213834457077258,0.035413472503559085,0.07564214797537883,-0.0149719425067798,0.00388305998400984,0.07862918978396571,-0.023266559335020087,0.06258568229398209,0.00012001187516119671,-0.07551439074398836,0.04793506002203296,-0.004198631878605585,-0.15867978376076497,0.030609294035338852,0.015981294811905578,0.008330348575516844,0.005402886806171292,0.044385661913977525
2011-04-30,0.020659877076750988,0.13730287014626263,0.008707965169025389,-0.0071205568279353315,-0.0048394262247755115,0.08632563605594035,0.031978887116773436,0.08531882299885707,0.10363713264359609,0.04474607851534751,0.0094110692816054,-0.08204520770849744,0.004637398108461088,-0.04903930961438974,0.01797872043617499,0.035242651474131304,0.00023181725331422598,0.025966055340419292,0.03996834679530892,0.060444837552479314,0.0854061619981108,0.02854984994820775,0.021344647390454163,-0.0049202549471356605,0.0024255381642577234,0.0838364753995644,0.025138406469716656,0.07474361919132066,0.054764960675010244,0.028758537066089218,0.016741877647363346
2011-05-31,-0.02920603879296335,-0.0202132752032953,-0.012948179190115816,-0.02275569581764625,-0.05379888398626198,0.050069683416904986,0.03226598028987615,0.022009002955229118,0.032244446747910605,-0.046966186977268176,0.0588353856714372,-0.04411873489544327,-0.006590384333993615,-0.06793116185509795,-0.03457076631275946,0.014040122017573431,-0.03470193311023406,0.02410169787652494,-0.08694036646140901,0.031845093613338094,-0.005703540639172999,-0.01127794170642371,-0.0419638161995719,-0.0536648651451852,-0.023697200274465313,0.025545114010711245,-0.022159138887371643,-0.049596634401078976,0.010949945830946106,0.04784567181420618,-0.009682134966431555
2011-06-30,0.03882100024508839,-0.015670545180526574,-0.007649316679656959,0.00809075905443013,-0.05465826016573594,0.005556223677376959,-0.04043347597151303,-0.02976126134725643,-0.011508964410454237,-0.025357998068359144,-0.05845267500368179,-0.06874946897505252,-0.03558548755498858,-0.05581728532288732,-0.019928643675900304,-0.004764828981039582,-0.06423436454143916,0.0010445740427478256,0.006218896285997033,-0.05255089660336543,0.055640183958193035,-0.01701338340647318,-0.07346737182469543,0.02410692957018279,0.00583349594872784,0.0672086298586394,0.0006708403075665892,-0.03903395822878686,-0.0383949939286361,0.03352559596071192,0.0143721153913563
2011-07-31,0.05244637788952877,0.007642253489832385,-0.05221049362592067,-0.040528031175637746,-0.005916368672113759,-0.03263535138422036,-0.06777998123951479,-0.03342291841860989,-0.026351705939590797,-0.019731153206081764,0.003814458202116011,-0.12109614518771217,0.15124851586560606,0.014026922977405931,0.011409211306773415,-0.05274114223287052,-0.010816353142339974,-0.0392203074323354,-0.0705580342314116,-0.025108231885411225,-0.03853809550632681,-0.020207087862430306,0.02659080229408506,0.005766866425703121,-0.036265353462771266,0.001887880536611597,-0.11531023392776163,-0.07166105265215572,-0.00812508833758141,0.02529404257533674,0.010643569214057624
2011-08-31,-0.023340096055797233,-0.09400463007958049,-0.018771248141620234,0.024630344428820727,-0.07412654860601497,-0.0066165383430947244,-0.003039077289159753,-0.030643627963413245,0.024338500650689987,-0.0684807940036638,0.025004197589153065,-0.17145518751524835,-0.014575394107825268,-0.14654756384380718,-0.04310155747723643,-0.027019576412116386,-0.12564654735841385,0.03628668265238044,-0.08213668726750711,0.03499591184353301,-0.04344499667164348,-0.05654499271454849,-0.018963963057210265,-0.11705134158007713,-0.038006935207608894,-0.039598086351967154,-0.0976817530227172,-0.08564510982162421,0.01627353646455365,0.05118322101666006,0.035248228887074795
2011-09-30,-0.06644499331174014,0.05837235736608637,-0.06498309164953797,0.017268023633153717,-0.22075047033804696,-0.10176842445360323,-0.07095138956159452,-0.0002120948279920043,-0.03259249256503782,-0.018957513054808306,-0.0011147502725981084,-0.2889065539245841,-0.009162811779726443,-0.20635627670516943,-0.06532094549132283,0.0014035741767290943,-0.12160726789304821,-0.04877234173990708,-0.20895912340503164,-0.007882934319993318,-0.02644322681332456,-0.07194778610484676,-0.010907993073560274,-0.4363992350506547,-0.015396800567867519,-0.009659700370507451,-0.08509259859773222,0.023588885877496857,-0.024551868346128103,-0.029065534010288552,-0.035089962399964314
2011-10-31,0.0675723704589366,0.13972095792514638,0.10640498667162834,0.0187111603865735,0.15204214403893213,0.12406243778350579,0.08559609430087001,0.05358414418116997,0.010930802565253028,0.0724840535992608,0.023876038885282558,0.10976279971001834,0.05970477147192721,0.14725240193632683,0.12625498151862136,0.047638282915819286,0.14539714239403656,0.04311478088810272,0.25179655439586,0.020858847689274373,0.03974608582811756,0.10359113531894781,0.18250867012689476,0.2863492952774065,0.08538731458660953,0.11935382936260819,0.17676454070351966,0.13322071332653396,0.08880876852113584,0.0556961744422253,0.011186730078365237
2011-11-30,-0.03272578427253947,0.023808857328281974,0.02856393309427485,0.020077662698881227,-0.11544810782411385,-0.0523128226079308,0.051210767560053494,0.035590820762883446,0.014349510725823578,0.03559046135406074,0.06838742091414263,-0.22557570037055896,-0.05739955890721937,-0.12962986414177102,-0.013581789493846586,-0.011323099532170033,0.027429887704365274,-0.007062378470353181,0.03556541334523278,0.00902315017784483,0.016122772816382636,-0.004072335764330859,0.005918355715670565,-0.016529228526488637,0.09904448234312468,-0.001765620142171187,0.039683724478533744,-0.04429910092302336,0.03771379169412059,0.03584398215320661,-0.008845143822898027
2011-12-31,0.0147462311026203,-0.026852221388566466,0.019870664939554583,0.06141950962281717,0.07103567640155273,-0.018276124386736203,0.0753172706599683,0.06504170538176934,0.013200126432032722,0.05231222626641063,0.0228934418580109,0.02181946766850107,0.05794309692022548,-0.05831247103153814,0.03422578148510702,0.042559704517918906,0.061650402538458327,0.09360354647275937,-0.07728791936574986,0.03260471642459928,0.04180112459307361,0.010394384210384189,-0.03050331689944219,-0.07360304618714775,0.06943438519155665,0.0057232360282011285,0.0036865217282024965,-0.20067067887109324,0.02072458298351698,0.04912908578628539,0.039946989981533676
2012-01-31,0.12884979415527242,0.08570406649375917,0.03305897407759151,-0.05035290778388246,0.12211131555152255,0.06478760259695493,-0.011152478170747937,0.015006288812693835,0.0050197018190552,-0.012107176287670107,0.05668576725610652,0.2487130048337698,0.11965773592832551,0.20917966905343643,-0.03131239980399325,-0.008481209807628787,0.036653721828121544,-0.0170635606228835,0.1904541673932867,-0.04863029635239213,0.021666035454067423,0.04533148657689967,0.08659536053335914,0.2341466960808254,0.0543925418043969,0.07609984456305074,0.06568779749191878,0.09736348668186334,0.026421436272902277,-0.012840015131609483,-0.03549443166465949
2012-02-29,0.07873267628284886,0.025220741406472236,0.025014317945744047,0.01187833396743887,0.05070329608046986,0.05339564555870391,-0.002363678084105647,-0.0026164254403426845,-0.0038785217245878023,0.037886344839446195,-0.0147508726265424,0.11260552726297224,0.17253268358286666,0.03540877894489647,0.06419032501071253,0.039338246941070576,0.07643696955979573,0.00427341144802762,0.045590129054525086,0.07013436061875966,0.07368015096218539,0.04248968608188708,0.011636736662602232,-0.08228130223030083,0.06918876867590784,0.037095512396906116,0.03230740167320656,0.03620305970197801,-0.03786570452706295,0.009318843524993348,0.033921018844428996
2012-03-31,0.016250434831428073,0.04509866126007189,0.04731097739552359,0.0031435066242164744,0.15851024488219512,0.0898117519144428,0.06946648994476856,0.017092657187371074,0.013431372086691429,0.0026551046134333234,0.007006147825320497,0.18294875291113466,0.10010186616977457,0.07711236838758673,-0.017658797515607283,0.020705663377316608,0.04174560729082977,0.026040047560709212,-0.06970573305405292,-0.006081675391873986,0.05857061652543827,0.03165730529022248,0.0619257050627402,-0.11227607689957297,0.06213948100736255,0.008148083294373887,0.024540959732243905,-0.0030816012348195976,0.0419261082726714,-0.011956557595341977,0.06500412630926711
2012-04-30,-0.007467406300961876,0.009907604143282178,-0.03248424373597336,0.0678237383659992,-0.060947365926991015,0.04326576459650289,0.010977123115763376,0.021639130843724264,-0.013123966244830143,-0.004506468605069536,0.04313613109861736,-0.16553525159860105,-0.02631287607286792,-0.07702527161875761,-0.00608109359407738,0.07102274210075699,-0.015422108072409735,0.05215250506243052,-0.03161857313019656,-0.046156416975180026,-0.04849334509135517,-0.006697877285885667,-0.044156832169320204,0.015392939904600667,0.028992903940712633,0.031140917244627975,-0.006408973593024836,0.01022825891432877,-0.03813680248860862,-0.006647977085281198,0.03073468782070643
2012-05-31,-0.08599409563728644,-0.08724256162186261,-0.0343986615834182,0.030727071862974853,-0.2596922387711573,-0.07552687282900772,-0.03616020386070096,-0.04322460276984197,-0.03219068665248326,-0.0866748827350059,-0.010731504093908661,-0.09705262324372943,-0.010760061179199809,-0.18024918712846638,-0.07162288966088592,0.03757187049173938,0.05856209413491564,0.024516771602570486,-0.1594836478911379,-0.021441180902416423,-0.0067905079102965615,-0.061934941226517104,-0.2106965067876989,-0.1784647965292625,-0.04257873995258343,-0.030221157366661977,-0.0795117894182229,-0.10498218153879657,0.11767620485499508,-0.07909143986039435,-0.021053107735540255
2012-06-30,0.04684667953836463,0.03086556213021474,0.04971733064366646,0.06507815535385708,0.07494812754904823,0.041745511355233855,0.05037856212604419,0.11609670428362406,0.07897001517036228,0.08458192997909242,0.07783372935647037,0.10699144656014714,0.01079453792959928,0.0016708341759930079,0.07058527088083988,0.042681053524452395,0.059246725290442726,0.051744887080727775,-0.03141767283264052,-0.016837192800067236,0.05147990735847019,0.03977928743446224,0.05015966056702492,0.06143199360556029,0.07136767434853697,-0.2089629579582204,0.003228239967256741,0.11513489651948383,0.057563019037362384,-0.009108067401262687,0.052064635322387254
2012-07-31,-0.037300521895247574,-0.03629850300482085,-0.04081649522486597,0.02682992315668331,0.015831487619807127,-0.005233586251510047,0.0442249471255165,0.056347003250042604,0.02427396524936931,0.01484765894508655,0.03375364043796747,-0.10835300733233888,0.044802842577035484,0.05124088745659261,0.03794365630925167,0.07786979541379546,0.0131095968892736,0.029921183683802255,-0.0019098151344669745,0.060958003427993734,-0.13543827987878965,0.011760334795270388,-0.0690346411742464,-0.0023059321494125484,-0.015403272799724643,0.06152259537407856,0.03881409999219665,0.01876225720208957,0.06537202791925933,0.00933173861118064,0.03283579332157016
2012-08-31,0.051394241389632445,-0.02571626405848626,-0.016623411060942228,-0.04996496923283544,0.031175769387229657,0.010171410904518119,0.0016776175800670146,-0.025684106480010183,-0.01715390268663164,0.011645418045822975,-0.026768672162952978,0.0848518713461468,0.08972807708379849,0.051049775201564174,0.03124537656408588,-0.03433821921447544,0.006692975752030872,-0.04314982764969555,0.013212500867885169,0.040239455938767765,0.06093569351755157,0.024744133451705785,0.17918169184500554,0.06996291914339237,0.08908649944143265,0.04571374014224583,0.013267068103747004,0.04689648591002449,-0.019500418859105473,0.00929247341032724,-0.0771595043356097
2012-09-30,-0.03499886631767746,-0.09145099037909965,-0.03081819126354013,0.05944593345560589,0.08611353990808635,-0.02500977111376068,0.04065437281043138,0.05599687195717262,0.021711053858446405,0.046442192078698596,0.017221565097138125,0.10121511141440998,0.0027923072414628436,0.07259324909515108,0.03847962299660246,0.02851946003061956,0.05524755225958655,0.04388986001852491,0.008286358779841407,0.03178607936138267,0.0242780930380051,0.025034958665033358,0.0010478337038710706,0.09175371865809812,0.06183706069203243,-0.02548624119951226,0.021997657109461777,-0.006021411852534797,0.016393887690998366,0.024941033757963638,0.02084598449276953
2012-10-31,-0.04185833489186708,-0.04652041202368018,0.02320216173589351,-0.009662234017751459,0.03657151377661272,-0.012272761043743863,0.0008045001936873852,0.011683055545638865,0.027340207275718065,-0.0030666791028104434,0.05318992116016208,0.05400747335172085,-0.113840819151942,0.07382531153910055,-0.055746277745233996,-0.07078418817895704,-0.06234759547522195,-0.0038464546260148502,-0.008378211280183123,0.006446467877902595,0.01059151675949943,-0.018366029152326213,-0.10031025427745766,-0.010031054276374185,0.016591389139661405,-0.03790225726927021,0.024631421546500665,-0.01019294436341145,0.01639565922576125,-0.0554612637209102,-0.019971818232498606
2012-11-30,-0.061460199137673754,-0.08983161373452608,0.006228479223614247,-0.01171748988631549,-0.014499710118383025,-0.001251261797296177,0.01495640403404197,-0.029580286439675696,-0.006706641628414722,-0.027557669284808295,-0.004793238404113609,0.05632367173198438,-0.012451748480033498,-0.0340777277814297,-0.0335640715898764,-0.013387626300442435,0.010933425623829596,-0.010571047078595797,0.005057038978826256,0.008485111485046382,-0.029171162577078302,0.005643497797264807,0.10506505293240309,0.003337663425222903,0.06287414255033408,0.06462057507457475,0.00840289427888985,0.03478081714783876,-0.040810733951291756,0.011700508149034228,0.02654610728656559
2012-12-31,0.003375285790215621,0.05226375339490863,0.008444073847272637,-0.01945351844790011,0.06798600678303224,0.027872493261688724,0.0023956738204460315,-0.06933135337175944,0.005292402592262935,-0.018204159718916646,0.03390621780941672,0.16439009315360176,-0.09512744874748424,0.07968339837142491,0.022916526859454223,-0.012382090078545627,0.01785383898426085,0.006961774558711387,0.05574045610376199,-0.028175205836723727,0.0012164834108339129,0.00889510420903239,0.038386599919698394,-0.13159201555736066,-0.05075172410915574,0.06133043809473149,0.03429860485084779,0.04039440729494581,-0.04852559806522949,0.013352801429959094,-0.04503925115935603
2013-01-31,0.027328009065901604,0.020164234434891792,0.0727022592895068,0.01941796940038909,0.07454959390785065,0.026360655521176835,0.09278491121130283,0.054889497201801696,0.0530601331359688,0.038753661064206746,-0.01460030518151445,-0.02529572414260528,-0.1555891492661825,0.14767912495113578,0.06280901888588808,0.04851373670214354,0.0789453133324507,0.04050375403384354,0.09347233361954554,0.10980541861618276,0.017725471910273516,0.04992282365900813,0.04575616839646912,0.039070747451376064,0.07878579625497029,0.0463878501036703,0.07246313062072529,0.06365643630380013,0.024896680160677143,0.07720444176893171,0.026944120374333025
2013-02-28,0.02091539085677452,0.0030561648946259012,0.0489286570170786,0.06481067478269065,0.03897515229341275,0.05523859245671581,0.0032937754085726745,-0.012095982016656404,0.037163538381248085,0.0016895713941171842,0.01886227937230167,-0.007083148112913662,-0.02561114257574193,0.01616028970690664,0.02497484508259351,0.031685874702918504,0.01309140729895475,0.006673033247209137,-0.06313726204895698,0.013480309369226173,-0.03239758469265919,0.012678299090485012,0.013999802673763995,-0.09923268475913583,0.023335974795918535,0.011429150494151052,0.03273712266195439,-0.03642022045674631,0.011795376620095777,0.014415631333942969,0.03897270545313969
2013-03-31,0.028720055925309573,0.044951414249223554,0.03856864258270454,0.054779323249712686,-0.030299251749421163,0.08198422044266529,0.05300878702763212,0.04341634379173698,0.06879137435622962,0.006233495486098306,-0.008801384732068485,0.08120655320111059,0.002850583474196089,-0.017581734091893786,0.014154416382428536,0.021488092415774318,0.03968547398020483,0.0777394058090688,-0.06023878584876652,0.01148526426128127,0.07185583732024758,0.03726798408658549,0.0019161761898356389,0.03630041933118466,0.02399721892107598,0.08024008788690429,0.07222105583328942,-0.05739883421194891,0.06207347055317536,0.03875955517617502,0.050675621156663464
2013-04-30,0.1457770201186661,0.09222508237446281,-0.0006993919706022034,0.10288521982372822,0.03837025234087621,0.016945376266702006,0.007249686771105601,0.061423033965682716,0.04438258994251765,-0.012506968458004142,0.09127826932669514,0.010616816808456608,0.0002710270601866682,-0.007366050927740453,0.02649343883269406,0.03656438596930789,0.10105559908647166,0.05448657356850273,-0.020398897323329557,0.003549784493527053,0.04644882760896474,0.019030197234928714,0.009007423398955883,-0.07477034719024944,0.0498949174367227,0.0749067117498794,-0.02431424721288078,0.01382290059516178,0.03789355300369701,0.024279102175541745,0.0456772975232278
2013-05-31,0.0599412326451052,0.0230610749628255,0.007687749830340707,-0.10616476632900618,0.10782676249359202,0.10139101528120431,-0.0570854021511531,-0.006403353895474417,-0.004907007231961025,0.02338847052055737,-0.07604207458969903,0.10405953747678653,0.02217169122617557,0.10715886048274381,0.014078657940951977,-0.06821124422741143,0.0038119315012830057,-0.07260955647964984,0.01325765019560965,-0.00013104955742138102,0.04406713676981644,0.02333525977741413,0.14233574455641662,0.02016969413197156,0.0698922157706261,-0.02763571019686939,0.06990502890872996,0.030050241753497353,-0.03177983848915433,-0.048272008845884784,-0.05686719113514149
2013-06-30,-0.010368786578315081,-0.002061813733347684,0.006729202710887616,0.03764886147426649,-0.033529286204362574,-0.01262736917894891,0.028242279100337164,0.0037742112575362974,0.019760375650609063,-0.0013276225134637443,-0.05824405430138668,-0.05960124690636359,-0.1258958188696928,-0.06915576923117772,-0.03658759357642705,0.011649286072917153,0.0011091468862707288,0.07463695956453709,-0.039341747283308415,0.002992118742437544,0.04889663064956684,-0.013434775640457808,0.009079991911899565,-0.07315008895796771,-0.010300306776921175,0.03223513539087275,0.011152923961179617,-0.09528050937115351,-0.004687523730210419,0.0248515106069247,0.009884458088735393
2013-07-31,-0.081394811918448,-0.037422932007272536,0.003693605033854741,-0.0071419297758117395,0.06146276155352215,-0.010285512434227151,0.05075607825072703,0.036359873995964964,0.08524360977617285,0.03694090926111171,-0.03306784563757015,0.12689989197453677,0.13210237563988958,0.08111516316614509,0.06184659589756869,0.013089365487113813,0.023475233540207974,0.06105735636111387,0.012025378566541178,0.049556975880698406,0.10665796185937104,0.05038607677325402,0.05708920070208867,0.03538241385111629,0.019936841539499817,-0.012006133624806736,0.04485724395566937,0.05584006821416532,0.045274143875454254,-0.00933628479662385,-0.000747943191187872
2013-08-31,0.05485457982522757,-0.05029821260249001,-0.007040215251662207,-0.043368175550940524,-0.097951361119339,-0.025536069751500357,-0.035518998649728406,-0.018437063844804147,-0.07135208978637397,-0.0659979967106965,-0.018534912006082482,-0.03342931131459137,0.08044278691450168,-0.07204574195803826,-0.036112914099760474,-0.04168456696348022,-0.06090505524085543,-0.06672603941574762,-0.004472903962934538,-0.030472054444967256,-0.01535419078575817,-0.030451348932269084,-0.09331960021099883,0.06634886812028906,-0.059162367685161144,0.0017285225938503679,-0.036950717877524575,-0.015262440519757892,-0.05969967358976014,-0.03061992297071825,-0.04856617920294859
2013-09-30,-0.003599301444539904,0.041876638035482916,0.06546553052081627,-0.015098900492232836,0.0226971890381944,0.048981756082168815,0.018265028634257163,0.0157162728456548,0.003234800580408148,-0.01293321731212238,0.06834033539080142,-0.02222198724736346,-0.021723597495180158,0.039188022231356534,0.008845691963743185,-0.00029571532285332935,0.05842704551631339,-0.0024919406942180977,0.010365898061770018,-0.029973418680862896,0.0019450642408367358,0.031156234329865917,0.00513536572490203,0.09042467287547717,0.023342443436640714,0.14524265236809786,0.042685306332502115,0.040294346808465775,0.013339116215160818,0.01941616387018197,-0.000641792286242282
2013-10-31,0.06203769534329551,0.06543846714072865,0.07249645968147167,0.09034083833301754,0.004434078764691485,0.08291335641318565,0.06599529338115628,-0.054382260955788464,0.06605903299529725,0.04076644566995702,0.06804836145305515,0.012244094778410375,0.0920153064867697,0.01661101610567517,-0.012755794383810581,0.08568587997301513,0.06163658815984263,0.05568120147681643,0.006499460065171547,0.07382155180792038,-0.04791064055246341,0.04526666738798113,-0.030556864961699848,0.11504671009017153,0.026539289792135712,0.04205425427483345,0.043477354057420925,0.013516575964768851,0.03702897921495252,0.003216904164095702,0.043647446066454876
2013-11-30,0.08156215855561522,-0.016765413712394928,0.04743309964535758,-0.017777577759854335,0.10454502273811483,0.04774167132333851,0.0410378690179356,0.09995673099785884,0.028851319934824815,0.048949598102815184,-0.020112626066715045,0.12436251500597884,0.06770807528841072,0.05228822337941974,0.02882448501193835,-0.027729155229463398,0.028033422535137298,0.005804938721125641,0.014765632223149083,0.04207468500340639,0.08720654824860219,0.029206966296000836,-0.05982167810584693,-0.057959018488439984,0.03506923494152314,0.04364849575005669,0.025403363662738876,0.05205429174929632,0.054019091290168575,0.0170505017882725,0.02252792678067772
2013-12-31,-0.019063303412877985,0.08519188602253314,0.026030168317982216,-0.00972056159962964,0.021781729666566108,0.05586911950957152,-0.03528272610962979,0.013434337817353814,-0.03296976949496333,0.07935111434645314,0.02975223349115197,-0.015285425096679184,0.008862250615177203,0.048073383069215936,0.019972366720192092,-0.0014209357233623265,0.0920727435246036,0.012103576904888502,0.07083480903397188,-0.033934353999150346,0.0147541213064466,0.025596430962575134,0.05404247175196364,0.08426873822164938,0.025391161987170285,-0.0032103312895048752,0.03180142807983799,0.0808048972101929,-0.02325236683512477,-0.003498397439185119,0.027486529151585337
2014-01-31,0.011429166473733599,-0.056252354961285445,-0.09842668765645701,-0.012247160605438179,-0.048308840152790467,-0.0624242108265074,-0.007537193580883894,0.05670331666846007,-0.03465815090086011,-0.0935723920971494,0.013192844326781028,0.07305235612454375,-0.11394905418647383,-0.07701953074160173,-0.1124035825708134,-0.036171619616123696,-0.05088034898683613,0.07110786102841304,0.04008174158512556,-0.05310372780383377,-0.040932297394490114,-0.03588477456218442,-0.015848647000526572,-0.14356193538832906,-0.06900114486768061,-0.07647758374862823,-0.0015332170867266015,-0.033016915701401306,-0.0523039376381047,-0.029917831317974652,-0.08826648176945628
2014-02-28,0.019814093604553662,0.018415381037877765,0.012718658372733671,-0.009205130064747546,0.0260314571676048,0.07104515394920519,0.06302888460225287,0.0731503173778929,0.0475985467966078,0.050688181545452515,0.007267751439994363,-0.013221347405485417,0.055917793576831354,0.017466995870297986,0.041451206664129714,-0.04261212889133592,0.10699807565999109,0.0020512952210243185,0.032064768845963876,0.026276724713639066,0.06675806071730683,0.04451016409099129,-0.005032665470495079,0.0064586024139488,0.06522929767360441,0.07521033437296953,0.03939215753950709,0.05816675830143758,0.0002678536504507889,0.01883575620061073,0.009997249250973894
2014-03-31,0.06761784801718163,0.04153275228902187,0.016671415977846493,-0.0002098207854652756,0.06622003795071985,-0.013789005027128098,0.00031143295115132474,0.003906874617618961,0.06421934230672921,0.014539966042153907,0.0048981107137242574,0.04033018356220408,0.01975648072342251,-0.015743826883916512,0.030569716731612573,0.0938002376131637,-0.009199393150153945,0.04524619702821786,0.02444840378532831,0.024364191707282323,0.0628981123631327,0.008261241483180193,0.028043462129177854,0.013701015458997823,-0.030257387586846818,-0.05837634834579486,-0.017949467863127566,0.044996106380245315,0.029326283913702955,0.02981888075828465,0.019862045209357415
2014-04-30,-0.014498413463166049,0.033527027504664186,0.011435572795627458,-0.006740737772122696,-0.07483125523665901,-0.026778524251547253,-0.026499899652587366,0.03104428770827461,0.030676098482103953,0.04728750346066679,0.023927628373360044,-0.12756893041548256,0.09476154472481246,-0.024902938846307343,0.0540978930021927,0.03511428842708053,-0.009158709601963189,0.04328739670385451,0.064783322641504,0.0318628306297537,-0.08857574780879496,0.006927534553155645,0.03882282238443002,0.04803298122716315,0.00479101306175167,-0.012397271389624986,0.0015082543044711016,0.00224328012348618,0.04201976417102271,0.0336023713012672,0.05363183105669833
2014-05-31,0.020307340972457233,0.03188627361468299,0.05976780143976601,0.06683595301265255,-0.007350641236119504,0.045500786892276324,-0.04531798606360615,-0.012025637477274476,0.008622506963956944,-0.011761899542459098,0.07060429073689534,0.0,0.07576490666928803,0.0033430927130915222,-0.013489929412000556,-0.0064633966385687636,0.05719338497940463,-0.017779433050870708,-0.030537770512331974,-0.021550683766070833,0.05936909105244048,0.02294140357348251,0.06329407622733685,-0.009354377726347618,0.009014628798100333,0.05601329075920036,0.0075965408459985895,0.02750499063320966,-0.0314088248610207,0.008521471523377677,0.002937494083038672
2014-06-30,0.018394022464089055,0.12313710492013241,-0.011814220795145935,-0.020831850957278242,0.03622615710454902,0.036168367483147,0.0016860682615953415,0.007337074362976814,0.030669661922236635,0.001491395144203267,0.007758238569291365,0.015720525635805505,0.027286299431117822,0.04663961603325628,0.061281058839689706,-0.003105929612124747,0.020383668713039427,0.05125232090623433,0.061090695880638535,-0.027608756493432196,0.03096361765429645,0.020434829321476222,0.00929834819369102,0.06948232761147244,0.014888505844186106,0.008287219678233093,-0.002149779258218132,-0.036103397179065855,-0.02239330072837742,-0.0068259407219892765,0.04232230352479993
2014-07-31,0.03441303975902299,0.09236391412092404,-0.05578373461076502,0.04070727586093659,0.007833565245671803,-0.0724178068380974,-0.024792649566972358,-0.019374321462423794,-0.04426461646545832,-0.017433898324695996,0.04784746848881394,-0.007837862765117443,0.02832635076208856,0.031914518683082704,-0.01008534190338839,0.023536559736578422,0.0016316771806357266,-0.08754405321843839,-0.06936999056873461,-0.008335278632547016,-0.008599639181563923,-0.013529030289009647,0.022780312572684203,0.027620992547333856,-0.0013594034667443466,-0.005430648591286058,-0.012122386387560802,-0.0005534674527871708,-0.02004782139142325,-0.06330815747569751,-0.07523427514228143
2014-08-31,0.05748469592043026,0.03656933601568424,0.009427048966257345,-0.011971053922151143,0.030398459210972284,0.01746090695878344,0.023757691355252852,0.05769693432869438,0.04246235537159482,0.012184142586823654,0.04363592512658698,0.05361868728761676,0.074651810225427,0.03855694082701788,0.010087285829857962,-0.017860421966621853,0.04552434133814476,0.05494940307046425,0.07934760097075255,0.07221215562994399,0.06715701414903563,0.038704772190818915,-0.009557793074790766,-0.023102017848369183,0.14536575896282766,0.021258096614642952,0.041090839568883375,0.02783388938710729,0.03232614272866119,-0.0003286373956168376,0.060010474365678856
2014-09-30,0.02026462246389471,-0.0028674460758404408,0.009814990761205067,0.0034064847633761275,0.013201002635590875,-0.02270192897660639,0.006105707568314411,-0.006636494462601394,0.027198727196370953,-0.055928920853490105,-0.04795849393754814,0.061029346789513106,-0.017220748644827033,0.024596029326424684,-0.08148562994322717,0.007977409273960845,-0.009502200028348007,-0.04753160322113148,-0.09656687888897597,0.007552243573901052,-0.0007296545892767625,-0.013892279559809317,0.01476951097125312,-0.10789897018325911,-0.013963427971316555,0.12714552992219863,-0.022405356278846433,-0.08148871609298824,0.012766051628438913,0.01156317992909095,0.02953989790592315
2014-10-31,0.012646084767146348,-0.023537966211451877,0.06518072537540398,0.016319808029793492,0.010690953138063897,0.030132812621632254,0.012768923475330762,-0.0228635543830511,0.011102439396052155,0.027890491014127328,0.04050158461259379,0.006431310981742211,0.06948908139303134,0.0343753400100093,0.005265680311415721,0.005973033992087373,0.02605324912821061,0.06535045091930636,0.03133796391139132,0.04893016932509475,0.09673179541941934,0.023277800708824792,-0.028205117365197374,-0.12583859465324032,0.06109886795453079,0.04139586612986523,0.03170844025356612,0.023006007723171962,-0.0026191280048277754,-0.01145649169364571,-0.018453419752182842
2014-11-30,0.024438747996365695,0.09753331010693067,0.05283718729709985,0.0067436482905627315,-0.0053051197147464535,0.0270894036357614,0.047908804263956384,0.041580952586846465,0.010842713071174792,-0.0587315728099842,0.07420309482413234,-0.007017456251461773,0.1007306630271958,-0.005163250549071741,-0.08768919433696887,0.015380420515834103,0.012290191218456314,0.0478148064224051,-0.008019687310273582,0.0355696913591288,0.03739349558022287,0.027101371663356133,0.12181616299512399,-0.05963834867412743,0.019094915884871888,0.06576826977900163,0.03560974032198683,0.08254140462666415,0.1378162716304301,0.041133694343852945,0.074957621531206
2014-12-31,-0.02885811419864348,-0.026109982960679456,0.011308068426298057,-0.07829813474686009,0.039438500049002734,0.006686629941727418,0.0,-0.05409816546860524,-0.03458636018618222,0.02087637709631629,-0.05664289351361518,0.0515981904085292,-0.07460620848185373,0.028361165062595006,0.029949788095899876,-0.051918082248688435,0.030627141725911855,0.018037441970598422,-0.09448579335874285,0.007271808785023204,0.028399173200010175,-0.0025397825866493307,0.006491172189154071,-0.13924036948239804,0.059286759420157153,-0.029264403197225786,0.008543360396364719,0.05861142422746202,-0.013573832681734732,-0.03265237646795338,-0.05998330036123534
2015-01-31,-0.1395468710857788,-0.09382285874729535,-0.11755815407429626,-0.0113776144183797,-0.1340372221044821,-0.13947763655861767,0.003205025877729195,0.0596400730879556,-0.04328774768031263,-0.05594415053543278,-0.019408169656286667,-0.16624157926073835,0.05961165118310641,-0.1171067380154458,-0.0899493616808007,-0.0014539406865972104,-0.03489414753501929,0.027375818471504942,-0.1268484708221571,-0.07049754074643833,0.049783404056681135,-0.030077097347114723,-0.04667508581043034,-0.31539112375823564,-0.005253660337215749,-0.04140735449866595,-0.021854661836663958,-0.0682377671020129,-0.010535167446393157,-0.013538457185564567,-0.025183998492304127
2015-02-28,0.08903647118818325,0.013482643928433902,0.03595857567909455,0.07864521491908372,0.11945672817380393,0.01109205315874462,0.10249142995440286,-0.029289828745821644,0.030366557861583487,0.020229827612253448,0.022337406649787894,0.042642079300778235,0.0960160396919747,0.09917747889660955,0.04945516699294661,0.048616776223234126,0.13473998242548468,-0.047077234117747224,0.035983228117271615,0.009916346648134677,0.06715307120846692,0.05468180721284721,0.11250198312490989,0.2521070107249539,0.09433495431900507,0.054341497355842705,0.0550507170155905,0.04504319682255753,-0.01243322395473978,0.07620225909154144,0.05044241441342612
2015-03-31,-0.0755296146932829,-0.06139559525227245,-0.04822975415357522,-0.016721569365151456,-0.011488322435558196,-0.04012345494515834,0.013601853450790458,-0.010213912565169014,-0.01880801315876557,-0.040803340293347645,-0.05164357519102758,-0.023802766226197924,-0.03187435725552623,-0.009635550137347515,-0.016063865073054018,-0.056852346592001,0.007752292908742575,0.005686746066722037,-0.035233695579943713,-0.03819239902681204,0.043531734078347206,-0.015830273275637907,-0.06182859796037654,-0.13227722021568633,-0.0048521802035255135,0.032517143884642774,0.014776214584242275,-0.01540808714970554,-0.014230789612339922,-0.014872117351910852,-0.0573534266083211
2015-04-30,0.17920120047753407,0.040118351660987095,0.03636402441465503,0.047768966676833724,0.049912709775333575,-0.008613548878751764,-0.02503016418860815,0.035547090954635596,-0.014014488377812384,0.027500535113527125,0.00837344034563614,0.03448644809622747,0.005769827485195389,0.04397266492723517,0.05630076313565979,0.07810858067955362,0.03586371440615821,-0.030444493286700958,0.09038047441771102,-0.02209340682675709,-0.06001175396830316,0.009786062685069652,0.04613985808776544,0.20809694457165406,-0.06012936802465241,-0.014962126641548057,-0.0330394709017483,0.014332462850991767,-0.05241403715845916,-0.009175909532279647,0.000246594860813687
2015-05-31,-0.0308042782916349,0.06422661529078999,-0.005747616216583928,-0.020024018539105626,0.03906311625007408,0.028887803767689846,0.03212010705666346,0.022084992827667183,0.016696977254816225,-0.016913259390678892,-0.018578471146887487,0.0351561718594402,0.044341096263921465,0.05165696979197065,-0.06542651573747271,-0.0028910347332877784,0.015062520029282211,0.02152426086282766,-0.018119412818090375,-0.014186003209126774,0.07611253471811352,0.012774066167915876,0.016512586070534407,-0.16908770742127466,0.040664793476538286,0.03095636938375268,0.036847319534231815,-0.002984584867425699,-0.04335135738588525,0.00221050261607747,0.009813602631879803
2015-06-30,-0.059571140074724305,-0.12469895053379743,-0.023557072934782042,-0.058944998288020134,0.02965609137273706,-0.0216733641381186,-0.03573890476611963,-0.05966895628273594,-0.02712706811897636,-0.023754650519786313,0.010105974549214913,0.0340240481343832,-0.0379380337738735,0.012530771894419424,-0.0654967772110977,0.02797788814134039,0.03358752690233313,-0.04302731701523044,-0.005877333095455128,-0.0019150102570915095,0.019007596698281226,-0.020521083413664876,-0.0651988847444045,-0.05384107840608232,0.0026909936623509267,0.06058395215679502,-0.02163308252433982,-0.0761795255431017,-0.046013562825243604,-0.009005339959933245,-0.03493791246564815
2015-07-31,0.05615117697188898,-0.049529842054230055,0.054713495880129415,0.015563276437540186,0.01781421203013256,-0.0215901539793375,0.07274340035942473,0.03503670825040128,0.027825840789403422,-0.0491444173679465,0.01932121416605348,0.04929303529628681,-0.033481007392522244,-0.01797758665513971,-0.08645511826416818,-0.004654534095211549,0.05586510499558717,0.07058982738597797,-0.06658670028231306,-0.011724506755851571,-0.0049301482838792765,0.022337707052228595,0.042039936771994135,-0.45071841798814916,0.051729687514763256,0.06452707996091611,0.029757482453501183,-0.005249720776156597,0.014694884509756534,0.049155647552077575,0.04607925339692587
2015-08-31,-0.06395109050308845,-0.005990590985639699,-0.03998134940439968,-0.016810777972669833,-0.06682751160122224,0.008639938159802796,-0.1048125529121462,-0.09065660131987752,-0.056564765906134795,-0.042106551698978034,-0.031182330176532602,-0.0900665009594821,-0.0684888649323061,-0.08028156513806017,-0.07592995125397906,-0.045341942433958504,-0.16369607419182408,-0.05902990048769663,-0.028246901064127528,-0.08188056500614627,-0.04809045926654676,-0.062886443487435,-0.09362306019785693,-0.09923271240046283,-0.00488222028878571,-0.03057894637432179,-0.051707005583290666,-0.07403090855760075,-0.09935838448493817,-0.04091009371394172,-0.04378767365165048
2015-09-30,0.016860989563359574,0.05454672897515733,0.010593749468464253,-0.05586812954901399,-0.050062234228903435,-0.03434218613167683,-0.025461028075825176,-0.07788227271728676,-0.006726012488628363,-0.011899815732018926,-0.04164614769415298,-0.044413630912291335,-0.022057833235060276,-0.08195372036382853,-0.026398078770155653,-0.018851143588458186,0.0031360110812661546,-0.008777793438281112,-0.15659564120194425,0.017811376903023035,0.006992605641717553,-0.025847085465633413,0.014196043482598952,-0.0935263433231297,-0.003284747448957681,0.09820850848650542,-0.04723495589812288,-0.026500812027357323,0.0016978610348221679,0.036273397806076524,0.028767975517312028
2015-10-31,0.17339501520990908,0.11638121479940633,0.042939499780974444,0.08750652952502014,0.05958931848825966,-0.008027659865100567,0.07392611816900763,0.10138439459441395,0.07906123631523343,0.10691990068851442,0.15011610507630913,0.0741999543739249,0.08011270121459546,0.07610433678459838,0.14161241684081682,0.04700351580908091,0.10698330398557943,0.05105753517102851,0.1215254170230633,0.06883541420495476,0.01514206404499241,0.08163494440760832,0.10247608496310479,0.19833116821549357,0.0681901670030971,0.06348602724577646,0.08683528808419183,0.0765707255514454,-0.12466962775870805,0.13036775319930616,0.054093386497450435
2015-11-30,0.03868567640357767,0.03354013159355862,0.006893098961183064,-0.030978124952850017,0.037123554355351196,-0.022361026473260992,-0.023499729955803517,-0.030651697965625502,0.009420850358727861,-0.004458980040981775,-0.028274468837524047,0.038005034523204806,-0.005821304475072342,0.016768616471800613,0.016969345894695564,0.00476316913922048,-0.0023765118361582793,-0.019961500119403564,-0.004668907532773936,-0.020367919763739195,-0.04400058755559577,0.0036482718995243246,-0.057056682650085566,-0.36386173752342543,0.07956988854307845,0.00949468220955385,0.012262032333322459,0.00334176160701416,0.02756900464623424,0.024682444993307406,0.013995107823422615
2015-12-31,0.020578001630954912,-0.009245966713633091,-0.06808465386571516,0.016799702778603542,-0.009795868711872657,-0.029607596561780802,-0.015065709126046212,0.005013804318928283,0.01451344735922877,-0.046497159926004006,-0.01951092449132208,-0.03221850049964248,-0.11679048757942123,-0.05289559755192297,-0.01500511430370377,0.021739972355822257,-0.0704268243865851,0.03956365029969877,-0.06673414932240229,0.059272060543235305,0.04712094887450835,-0.017433487368318623,-0.0033082847621885847,-0.18919138528875545,-0.007833201272198664,-0.05418619806513192,-0.003662276982488777,-0.06465860195230988,0.04929915381507666,0.03426924832247469,0.007945596173252856
2016-01-31,-0.007054450438538584,-0.10487704079846827,-0.03199390585512418,0.09023545395286492,-0.09744697637382638,-0.25799738361922886,-0.05704881002192019,-0.04155596279059326,0.016605559850134455,-0.0012835443424550341,-0.027290478539855556,-0.17415537568221806,-0.07822337700437121,-0.10935696486183222,-0.039567663299155065,0.06538094688178342,-0.09225048395617108,0.072573677329419,-0.07547869233405358,0.03698507356965841,-0.021306761163315535,-0.05106872251596695,-0.12471796711021677,-0.38644466928943144,-0.05031893603977089,-0.007871216240759704,-0.0035790238268269547,-0.001925644534417792,0.07931449499509524,0.04663572853681153,-0.0009312319659633417
2016-02-29,-0.07234392010988389,-0.038432433127798316,0.043280232183254164,0.015094191519120503,-0.05528207377854555,0.03814181613659784,-0.017258940956661473,-0.009119606880803044,0.014566981758461495,0.038151270052101616,-0.022945027675193685,-0.12168038868521203,-0.0012883899549867017,-0.0730441097596195,-0.023065517732224095,0.02438153792777742,-0.0031359406312194693,0.017407716118852612,0.08408798894288694,-0.01728673093210009,0.033641049570838355,-0.0008264733335670016,0.09573064622280913,0.5060312638602402,-0.01312643195923524,-0.006795532109035385,-0.012415422835242218,0.012860844607520683,-0.00030157055325119586,-0.04716241378222019,0.004880571547826396
2016-03-31,0.08203627285479209,0.08917755838359653,0.08836530817510724,0.06394724616118364,0.050565071946989004,0.09958642980331778,-0.0010120137314215683,0.061088965041767196,0.028022831356860678,0.04202392261101151,0.10463373409495702,0.08064101382743871,0.11974631276771053,0.04862134126357365,0.13395068512273678,0.058345414953496544,0.03891074022723817,0.04776776330317256,0.12272756416202357,0.024847637616150386,0.08319168309996616,0.06510031650373804,0.08385529062031916,0.3039322144454748,0.0778118837196109,0.0006244369170755881,0.1003655042518039,0.10642042511511951,0.03927048307529368,0.06994272027569437,0.08063348112292301
2016-04-30,-0.10208651041107952,-0.06612663470226554,-0.0037994929388842635,-0.04931561154959052,0.07242127799985631,0.06840054137584017,0.09855610026243733,0.03582737357172183,0.03523151229119925,0.05594805857759466,0.02909205090475986,0.07410766421106008,-0.1507313485818953,0.04441872211518838,0.06865745155405545,0.007373697059567252,0.03900390080235372,-0.006442602670876596,0.025002686973396138,-0.01880864205247601,0.021337801725791472,0.003933585552612584,-0.025924928399886138,0.30303770527929075,0.003441780532814853,-0.042029702864255114,0.019618929121408613,-0.02228067838713832,-0.023937132307523257,0.00642412126287617,-0.034875503577043165
2016-05-31,0.06784228021173444,0.05095384401549774,-0.011382225324022777,-0.0007853427896549192,0.03222818839995423,0.005030915668980285,0.06797437435384035,0.025563883960540768,0.012542454838206929,0.015358505804435651,0.008544741853781623,0.01567321268699562,0.06931418928937472,-0.024527938389478088,-0.0010996280638631006,0.008464802225529144,-0.03991046058952552,0.028704005392404586,-0.06938856206113808,0.01141754053502897,0.014999217134231912,0.016868315545780277,0.05519604682872048,-0.23391550856034682,-0.00814349503608991,-0.06519475045800949,0.001336275603456727,0.008494064558458803,0.06412105700845894,-0.0356505986795117,-0.00447441725586506
2016-06-30,-0.035138392383290196,0.037587909686744414,0.043933090826619114,0.09262753284300462,-0.04914263004750552,-0.0740586993551191,0.014590441668166143,0.03184250882979622,0.07362557787842228,0.05166378474260114,0.07634725681048149,-0.10505912369440606,-0.04359630299139683,-0.07079501980730019,0.03721933882070605,0.09867178312371427,-0.014210682259869323,0.08211541124537991,0.04450630764601815,0.04381828370528673,0.05934704653456535,0.0034702072991414923,-0.012469719830558113,0.0054000183038942495,-0.034105033680216224,0.0025551142859225884,0.02163894972588043,0.01799583665518334,0.031156864486502123,-0.006867966253398805,0.023874648849985025
2016-07-31,0.10226799172282686,0.0609113734380653,0.003521370106071231,0.0023143685079336507,0.03677887882350328,0.059113025429069044,0.0466104093890336,0.01806174840404484,0.031885391786937944,-0.05245024740975346,0.018833968170318904,0.08795302673608507,0.08623520850880029,0.06658504180344949,-0.022672577348795464,0.016618398592651573,-0.012063831163871441,-0.016313420379852506,0.09730139930860648,0.0186129937134476,0.014065252835959718,0.0358217207327618,0.07122980450640437,0.15132571323687438,0.0793860151337551,0.005419910687816998,8.612815380626415e-05,0.0063558673144545885,-0.0006846647466742795,-0.022607029222872832,-0.03822412398350794
2016-08-31,0.019880814317626783,0.03667045002101954,0.017365972684320496,-0.0571899138560914,0.05371319385751505,0.017226104435295042,-0.050044993869100995,0.068037702014212,-0.04152640472534852,-0.012067316077293277,-0.02086027824334913,0.11248521630389119,0.023376649419514006,0.0688106545543885,-0.008232324145676984,-0.05728075866780458,-0.015650815060295642,-0.0519867860646781,-0.00983564159523631,0.01989656435351339,-0.05122034462781411,0.001196963438639287,0.029371391896778398,-0.23069526298173537,-0.025141418820655126,0.03783375829984559,0.00839346627272164,0.004375821854120332,-0.014368519922337786,-0.009317572147863551,-0.004594455067564951
2016-09-30,0.0024336715355839367,0.05052685633216303,0.0012809234461323982,-0.00671112811175556,-0.013573039550714316,-0.023763045296494312,-0.02708773975331713,0.001235902170676706,-0.010190843655781379,0.0016054943301497815,0.004455916089070477,-0.030829946504480787,0.06344808936039836,-0.04953598230077905,0.022998382755600844,-0.006626790668017524,-0.017083623600614217,0.011346037918715801,0.0799393548187064,0.02756272355894218,0.033227440408150066,5.778051403471096e-05,0.008866454231623688,0.053913874404942774,-0.041406217604077256,-0.08777084227546439,-0.0010286790268283497,-0.048207797904332494,0.009473557453188342,-0.002597102734257284,-0.017754020921352698
2016-10-31,0.039487675894086305,-0.07935898257500762,-0.01473905796797581,-0.06623692664667002,0.04655633381143254,0.041509969769128574,-0.06589765408148862,-0.060945084198096744,-0.018281673511155283,-0.04643258239419357,0.033492884915157006,0.05288964968098098,0.004324832504563059,0.10005058131689726,0.01762423755683873,-0.082731961705242,-0.0018320758071634913,0.04538971459962893,-0.052892690333436576,-0.025730304670410042,0.009454731436576935,-0.017489069279893243,-0.025106137702501474,0.029040185063695212,-0.053225707061407945,-0.048049466000773755,-0.05578222058634186,-0.018270706684860638,-0.029550571778857115,-0.02448263605446499,0.0018884791832856074
2016-11-30,0.012391145885076948,0.002655761310685012,0.0799805689960369,0.036738771266360715,0.14628171989917726,0.08122340802588912,0.02339352402673356,0.041203526406534685,-0.034388372933363165,0.05547792667885698,-0.13618025674454248,0.2505631812405311,-0.02183759659699014,0.21035896763553996,0.07294762494758178,0.048802718858245164,0.06707060610513427,-0.10617887836632756,0.13538712564667854,-0.05129312685563736,0.11749487687589166,0.0361760715564321,-0.02843178387077616,0.31698917729996845,0.0641009824123282,-0.0021945457323804263,0.044000889214213856,0.04503972575677295,0.005838636793402241,0.06556078545983812,-0.04113847804186621
2016-12-31,0.030721211546773652,0.04425123272372833,-0.01110341846434526,0.06741552242161042,0.07356413565493458,0.027924258594564932,0.01052312517121301,-0.03100824803967317,0.034527101743886845,0.03334341189130896,0.038254944424348736,0.045357162481244995,0.04684096292840678,0.08794946285055882,0.053576393371224995,0.09618076919245944,0.05784985667616205,0.044767411597996354,-0.029954505058374714,0.01945531958874991,0.01080569754106353,0.020069051923504055,0.013324685051646412,-0.15165675637738119,0.035528302716396176,0.018666164648747152,0.016624203910593494,-0.044259247175023386,-0.011643727566803985,0.020333559529970735,0.027137762122350306
2017-01-31,0.03959798446586671,0.015050280522022952,-0.04925718612849295,-0.07477738186190441,-0.0139067527468697,0.03483064638230182,-0.023361934484756208,0.051641762423613624,-0.017158582119400023,-0.07318790254448437,-0.020843763120426573,0.02414048606481245,0.04664152343392747,-0.04322614363221611,-0.05546054028601066,0.006590325678361708,0.05986804151119074,0.03503959367791731,0.03926346760645849,0.04890634383025905,0.01278924703184181,0.017736539802722717,0.02495989450026448,0.2329512168934782,0.025768905360709304,0.03991661441214367,0.021096853634457347,0.04617585674633684,-0.035039552960502096,0.006958821569567064,0.0026496709213144065
2017-02-28,-0.004373046796183111,-0.00986828162589104,-0.02372446362510594,0.012571101638542359,0.06838602029004903,0.047055994177271465,0.0827577547155629,0.060709815517147714,0.08273821659287517,-0.02201188041577007,0.10353286016697272,0.08627513910891693,0.1255552475827577,0.0811626301883015,0.019801352646759085,-0.008814858694884187,-0.005073821335578543,0.06481548796142178,0.010399440183381792,0.03884735303535081,0.020032697929685206,0.03853942712173719,0.10672695457687142,-0.21715525404039315,0.05190743371686324,0.0774509625262465,0.05625936925662245,0.059993777824725925,0.06088898496820194,0.04794356670649158,0.009338260140547838
2017-03-31,0.028960658756398416,-0.0035976173606226958,0.014456273225209593,-0.017889986668071955,-0.031158208375317464,-0.011937423826732463,0.0026339819054004288,-0.028822940475149217,0.01896629705530195,0.008449271884865883,0.05713868833215674,-0.042126690149113966,0.04754180561763066,-0.07680943436900822,-0.04667273353374313,-0.005759834269623454,0.029535001634421576,-0.020280609516436066,-0.04118412196237742,-0.013486890553103592,-0.004597834814421553,0.001249063672863926,-0.011180002051324411,-0.0029898480331853605,0.019230004728438388,-0.022224849528653223,0.0029676640110105623,0.04633875255720721,0.023409118002024165,0.015237649247000107,0.020161952572412822
2017-04-30,0.038718407213481854,0.0022155681182987053,0.0014897808114255895,-0.048161294989208514,-0.003879084072561767,0.005865489048939132,-0.008513222842922108,-0.01922680461143722,-0.008708827479777526,-0.004399526885004779,0.04065223483936098,-0.010654564591559446,-7.022056673644528e-05,-0.026108422100393547,-0.006259462548086958,-0.03155834166236904,0.0193026207946998,0.03963439658250456,0.10577531011857033,-0.020819314350966067,0.06417244342705608,0.009877019644799923,0.016629934682581116,-0.04673357031662828,0.06122176888715103,-0.0057584520901947656,0.04899213520502688,0.012113946830694555,0.042108772127693594,0.07661218168812134,0.016591265415430545
2017-05-31,0.0256726528488036,0.0063046736090526245,-0.006034363716251434,0.015775381417522993,-0.057361266505669306,-0.02958147506805542,-0.02852696372908703,0.04363552615251143,0.044592768586489306,-0.004785575767867645,0.04084116666976634,-0.037382058788973715,0.06560771564058143,-0.0543023730808887,-0.02052145991803389,-0.028149378134695535,-0.06856023523800392,0.06436321202024464,0.030528675241468406,0.008665375623300164,0.001713798035328118,0.014014366804867784,-0.07747776640056658,-0.10405433224672223,-0.010968935535600188,-0.0446568739130373,0.019058662970298457,0.00951861928051434,0.05115579912078205,0.07540904407195637,0.05237030678888033
2017-06-30,-0.013115516744464983,-0.0678859830391687,0.042673828776718103,-0.04338014378722477,0.10669843412708957,0.09064395364780786,0.028383161231990695,-0.008464158473828753,0.03101488005315378,0.0028530390259149385,0.013492777511141085,0.07932161355422629,-0.05891564043948172,0.04913709312889125,0.008180171728658259,-0.020981614330692455,-0.01578073881592701,-0.009305113122545006,0.019071175320450884,-0.010728893229080327,0.06093092917945153,0.006354580838157986,-0.007321256732881309,0.04426253565782723,-0.000717360828860869,0.11083686075909727,0.002253187782462973,0.09952731494651257,-0.03785750287197187,0.02118107716612183,-0.005533161527184305
2017-07-31,0.053250244401101376,0.05000323468975898,-0.0027161235549453266,0.09345146708091256,0.0098523994141555,0.015451186349275225,-0.012883781922564896,-0.0032818958365741224,0.0032451607046128927,-0.008583582331220807,0.029854982476788194,-0.005787193769488219,0.0321799197576933,0.015339383611093993,0.04553047223798323,0.050271544558736725,0.0414606395924757,0.041652054698010144,0.06583317759402263,0.049063809480756504,0.03388193195398781,0.02034573403181117,0.014080312615287749,0.19665065657983716,-0.025083482887211517,0.0008470824475748095,0.021009851944500113,-0.0004322414237822869,0.05538755163551734,0.012844871412455383,0.02183308408712037
2017-08-31,0.03338927707927741,-0.003862729296861378,0.04364892242753271,-0.008924227648673622,-0.009962528441350038,0.010155477829856707,0.032380890112295724,-0.00031317475772230097,0.0037005242368985947,-0.03781455064696715,0.08247181375105406,-0.004479799399370155,0.10165336452038254,-0.0036717882670096458,-0.004485840473861913,-0.04028760582413682,-0.08274525710887914,0.03634496081652694,0.030593583699642046,0.01583935820073812,0.036296850505766365,0.002913436439859751,0.023878000481696304,0.010884653316796111,0.007699035390656306,-0.10825337505564958,0.020521943493541528,0.007979455559876225,-0.018025294515411794,0.03657357246504933,-0.006346387801893449
2017-09-30,-0.003752465405858274,0.08234337685791848,0.048890489136220516,0.031194905252025507,0.0495812343240134,0.04939878296205613,0.051146152698390956,0.00986541911373795,-0.01798962759977929,0.07140963843339643,-0.07499750117025084,0.058924248345470165,-0.06213507534429574,0.058376879627911826,0.08783201481691982,0.044636855183607604,-0.026331687516280233,-0.026662861559486828,0.059637758451395406,-0.014079233039099748,-0.011665614162936322,0.019949314172986732,0.04314181431007391,-0.051364511119272205,0.08741181459939895,-0.018345704891727266,0.024786191672407476,-0.040135005629593046,0.000896423413205838,-0.02078075555564496,-0.004000220823646039
2017-10-31,0.11034275668494864,0.17780346247526913,-0.021548175835957473,-0.021356389322533698,0.05784906752175356,0.058280912523027695,-0.01809018103621529,-0.15038334573014067,0.06980807291212443,0.01657303369104568,0.04987645939023544,0.07779375177898729,0.09240386798349842,0.02205744870658144,-0.013796719323858397,-0.13534146597402286,-0.007740248598933519,0.05651012614506623,0.0911393455255265,-0.04488080437285635,0.07080549540708692,0.023290577692786307,0.023948282675475774,-0.0042829165642621625,0.01348195779216077,0.05879644252287841,0.016929781042591685,0.05533326127017535,0.11096262488795361,0.06324959543927555,0.021321584530725524
2017-11-30,0.016840635560099848,-0.008483165497311873,0.04021092210067678,0.061177402213187904,0.03812693024560243,0.022668206923200707,0.0427508205388234,0.0032620233294782253,0.005531127961708293,0.008492235872692433,0.0018083911982982315,0.03233183881471424,0.020075008528498195,0.024194586196454537,0.03571556071413706,0.07800620040729545,0.06921796112843204,0.025284134834191452,0.038639974971057534,0.041404979600971004,0.08530734552651875,0.030108248122691528,0.08823059136420053,-0.004300807669305851,0.08634812969381489,0.09416857163276537,0.08377796349886157,-0.03681888157237001,0.10761457308651234,0.03580931477678373,0.0035874321215039195
2017-12-31,0.016145778204631256,0.0290129349512096,-0.019119387735626603,0.03930383299140372,0.022889262209631944,0.016242332350911326,-0.0011038433033574435,0.026401481620401235,0.0027949673421261423,0.004193365817073413,-0.0038127694703016246,0.0468105370919516,-0.01536329521879276,0.028346154446461824,0.05079317968693342,0.06646074493901022,0.033351539261335716,-0.011774967325917984,0.11011004968364269,0.02078504508880208,-0.034374824825993855,0.01205502667026348,0.026456699803414807,0.30900468246495727,0.052590651191406046,0.037961831292126824,-0.016811002553487775,-0.03695665349474142,0.020768294556256617,0.0008714356519519129,0.0024007113321995455
2018-01-31,0.10499776271699801,0.04199996892018021,0.06632032840970403,0.03263451147834795,0.08366926943961417,0.004428048979985277,0.022386811117391048,0.051604186502568705,-0.011010863329359744,0.04282829653447617,0.0346491512180549,0.08066771762058522,-0.010693126159052824,0.0502544262947886,0.001277270309618217,-0.020014589628543078,0.010731892543046406,0.014176727219375795,0.037096876513396104,-0.05459553780053028,0.07141532079537782,0.054828250372392695,0.08863801241038693,0.028082991371046084,0.05825984869426737,0.08677148372516541,0.04032102410919336,0.09112693976660058,0.07649186437502697,-0.005709808166071362,0.03659329443662607
2018-02-28,-0.008450546745310206,0.030369009954926973,-0.18994098765171508,-0.12450923739638808,-0.0014706577922334318,-0.019197295564178596,-0.01068351875678708,-0.08871563542276784,-0.05563563609660882,-0.1318702664445004,-0.058337956473186736,0.003120261191725149,0.06596099550995582,-0.01588560754754642,-0.10342006882353516,-0.03118883819410856,-0.05203448790904375,-0.03325422839702119,-0.05136450515803048,-0.09494034831232945,-0.045888857111947345,-0.03703778835106686,0.07510444296666341,-0.04725315046120704,-0.09731799027435084,-0.017597606258666687,-0.05025337333683755,-0.01799388419743142,-0.16916223759872917,-0.07522756877136771,-0.09631932111389085
2018-03-31,-0.027022666775366133,0.05505981315637287,0.0023918159894122937,0.0016740017941820895,-0.04906309096038264,-0.044349410470313266,-0.022842205774379565,0.013306691172070284,-0.013409479891058673,-0.015031501254402002,0.04223042098526264,-0.0642466548451952,-0.059803749064807565,-0.043014664838604943,0.018765007050348892,-0.018068771466978273,-0.026720772766072542,0.07090570071776936,-0.04802051318204903,0.009632903192294151,-0.051961161858216975,-0.027793313017662413,-0.043122677260150066,-0.05696843338146973,-0.016671296225587717,-0.005820250809325245,-0.0446594209282587,-0.10214170464234718,-0.005677305219901729,-0.008658944983570116,0.013635937895204897
2018-04-30,0.024352820368046757,-0.008871763518528919,0.08108580267272636,0.04399806794589889,-0.005821666339350884,0.060732892123499305,0.03107023542626175,0.07768159239255246,-0.013037950958020517,0.04122393546649583,-0.058525781083909045,-0.002336818040597155,-0.01513404404504115,-0.05521685899892681,0.09264394361951922,-0.06761950471024925,-0.0010958695697018683,0.0035452614263991045,-0.015682117506325532,-0.08239743493611407,0.09954917878180858,0.00515468533698904,0.0401269894919154,-0.14145509053453287,0.0361429933324926,0.028926967017786964,0.001175661980633791,0.0023810122085912155,-0.005749048489679609,0.06833611183627042,-0.00507872466456627
2018-05-31,0.059652046981626405,0.07280848866445755,0.030657015367553164,-0.03463573846697221,-0.016405305203428533,-0.00456729776069853,-0.009034132247964344,0.01114877675596615,-0.04845407983762762,0.05399391000755305,0.014632699316977416,-0.02577568806212449,0.1267419856622527,-0.05012243969619057,0.0021871004048978904,-0.011688857817143905,-0.008608624326758019,0.011524815951032608,0.05097832351756093,0.011408305808209285,0.0213856639332084,0.024018322297926886,-0.036325742505882275,0.10536054336036438,0.015007982202782877,0.04865785678058643,0.027141360379614454,0.022731193332557353,-0.06298712999898548,-0.045388960783792065,-0.004871501580390181
2018-06-30,-0.002329580116704477,-0.10475676252737198,-0.08901746935125487,0.053901783277842785,-0.026610111731803165,-0.0030562934177211787,0.009694036239721537,0.027161758736923947,0.014276091011586445,0.018174666031648634,0.04663428418886362,-0.02970683593010337,-0.009462786721670113,-0.02378878755856384,0.016990858817333532,-0.0065184594840759225,0.05229308189971338,0.014160686320094484,-0.11306282287650493,0.06469194818063695,0.01926532402643577,0.005734809892368631,0.007464501277298918,0.021078485307107098,0.044813256242465016,0.10692346860798452,-0.02644300835461255,-0.058620119721063624,0.03698615761040802,-0.014634504686632077,0.028669319151584993
2018-07-31,0.07302100703268444,-0.03292390953161073,0.12096806474416333,0.037619635174631405,0.10360451644887902,0.018974427176975617,0.09586120138478416,0.08173938867891462,0.08813726681443068,-0.01485653914809415,0.02783941111764765,0.09114153524796942,0.027598900084024436,0.07365785993044671,-0.0012664911685513758,0.016095278153047232,0.08818833959341976,0.0030485285107206828,0.06431085942403758,0.04452384959707345,0.03161336592699815,0.03637654931099643,-0.009583195587008486,-0.042155723686587265,0.01232764967048361,-0.035382514157641154,0.10282307967093018,0.08287403331644416,0.04094778706552615,0.005409372050200645,0.06124111017670497
2018-08-31,0.06108839371180608,0.012900271059780088,0.03217589079457106,0.05151607310907291,-0.003223911828098558,0.0628920558723376,0.04752601859102068,0.040463649318923434,0.02288451796782809,-0.006314605513193072,0.005919107317793326,0.0016179198048282828,0.18267314069237983,0.0049051094044765264,-0.05430533545864158,-0.0009386836094598117,-0.013653820650053383,0.021693854001732404,-0.03502917165410846,0.025271084854066928,0.05844317978873903,0.03142107118045345,0.12184708979595937,-0.16073782269589865,0.021432783229285768,0.06897948132408516,0.0011727818117623912,0.018700225561657735,0.07746302961866425,0.03555916726045005,-0.045182823134479744
2018-09-30,0.017997829810720845,-0.023820675402224545,-0.051173650101317136,-0.018189280209238046,-0.015302301040692079,0.004800620419203483,0.05960462889534801,0.04048760631534787,0.02550862115774688,0.05873712244074003,-0.020447453896211165,-0.043871086152586614,-0.008337416817476129,-0.05875481741216326,0.03173804080517062,0.050071584357158194,0.042983654878546496,-0.014806711816623075,0.09370456699547969,0.0033699249930787545,-0.005686644457870926,0.005927665757685219,0.01825412284368433,-0.009295690926752087,0.03128338079495663,0.030196325650664768,0.04511335911492864,0.059534132066223044,-0.02055200103639887,0.030713599335808084,0.044171968044800725
2018-10-31,-0.06838736029992809,-0.008707590932008902,-0.09151417546206275,0.07802564533455181,-0.02746108064323849,-0.0323443817107254,-0.023185116119381455,0.03694663768478401,0.013086229794262216,-0.06486775717301185,0.06983635211532224,-0.06884735947213239,-0.03095155048405651,0.005026512509215486,-0.0909445375671627,-0.07072128605482542,-0.01820834579614594,0.028817468975815164,-0.2223144099182024,0.07222435565459318,-0.017785844759586666,-0.07160762205292315,-0.054722143285418134,-0.17423413242837116,-0.16364121294244516,-0.12133044756819888,-0.09646409556477575,-0.05017850889358755,0.06562946305027184,0.05585607639485879,0.03593471663393766
2018-11-30,0.041798021316711065,0.0568093513300818,0.0872031580296575,0.05470289651050342,0.019708949566498823,0.0888024582924336,0.07872165228432637,0.07496140807651486,0.0545290427831322,0.007824164310381576,0.05421254142882859,0.03220329472595429,-0.19991276017870607,-0.1630528370652815,0.0729759536196477,0.018088435867813057,0.005731235618655184,0.058268530506143,0.11179382752117917,0.06367092510979244,0.07696439490287421,0.01837908255280052,0.04529742865954001,0.024587818725332333,0.030895112392984814,0.004029270116915562,0.018812311280652416,-0.001639245343960205,-0.026576426833921474,0.0697139103300799,0.059169445662895725
2018-12-31,-0.0877903167939964,-0.049470051478269106,-0.1672907762446414,-0.07005923204143683,-0.1301581578870863,-0.16366687175368,-0.0574259545817255,-0.030643309054480206,-0.1295519091424122,-0.15345878981275618,-0.03356823136372089,-0.13644481062133718,-0.12408860548544176,-0.132356297130241,-0.08919993124891068,-0.09039270817258949,-0.04416380296470468,-0.04439183487133924,-0.06548725936625122,-0.027786992390264054,-0.1217002705736725,-0.09216844582855188,-0.0996440078379095,-0.14677966917125573,-0.04828575488646081,-0.013131408721831939,-0.10501972672751769,-0.07691998880827544,-0.041736581888240476,-0.05978552174783491,-0.062423921602890786
2019-01-31,0.027768450294995972,0.004040572537740594,0.07760274753316043,-0.010466670287579749,0.06657734306226448,0.0786565164944033,-0.01918073188543623,-0.02625477724806835,0.030750556070660018,0.07199006050124623,0.08856927850950225,0.14447972189600966,0.05368720464157173,0.17002422410793816,0.05246492951468351,0.07371211116849707,0.01691053346745708,0.02925355564987253,0.05322574473583863,0.05619139183467414,0.08122797361557321,0.07702192283909781,0.0951668948750175,0.12565287655409296,0.06593054653138086,0.09929953088706256,0.08352971618029059,0.11057339205827565,0.028364860455955654,0.0067907516524217115,0.016338819538004312
2019-02-28,0.07451125672891035,0.12315766936905925,0.05327116242143415,0.033223532183340065,0.008275053941942723,0.04790916992121019,0.020980212143476784,0.08816407063378673,0.033009580402622696,0.08658054380589864,0.018969509054669764,0.026292174847526883,0.043802443263421864,-0.002607394855748346,0.05210349405610071,0.03465553866112714,0.011766902890296471,0.054340625050453006,0.030908370284521425,0.021332266185933868,-0.10931623342126162,0.03190129479461401,0.09051186809150646,0.10277969878924376,0.008734148458679591,0.04594799898077806,0.07548580668277705,0.037128273775114184,0.03244284382635554,0.03425640761327209,-0.05971630973947306
2019-03-31,0.05140964884867749,0.01387648890631521,0.013877988165705624,0.038091621529013686,-0.030451556799281576,0.014375462935487526,-0.020509312068043073,0.02962672458586013,0.022791357729403217,0.022149622037274774,0.11217229042755239,-0.05259739056889057,0.09260306401436402,-0.0242361838121683,0.02966134675699017,0.007682418799767721,-0.01617027118743497,0.029395321323259616,-0.013562061897326672,0.05430755903626405,0.02440382178985878,0.01793888693396095,0.04198823593254719,-0.0007752519926831347,0.04322887705256573,-0.015319694148393737,0.030993311076787933,0.02985865434500612,-0.009492342454477942,0.032431790675474303,0.04166691588727556
2019-04-30,0.10196309416429905,-0.050803295080242616,-0.05066231509563668,-0.023109222094485293,0.1442489522238981,0.07357532183285276,-0.0447831879565781,-0.05511630992576766,0.010036117494352403,-0.0064567272178086554,-0.004385703165044497,0.10289290407377338,0.05490068293507244,0.07004410570639052,-0.02565549000739331,0.008230188979513109,0.20996136719027714,0.005776703909445402,0.0346365843663623,0.030120016405165373,-0.059101630104503755,0.04003984361016588,0.04197081657052282,-0.04230428415932996,0.05972597594364437,0.04208944893251321,0.08852568452484633,0.03418452286897278,0.05301434330443966,0.039595558794321306,0.045879629701306435
2019-05-31,-0.05074688491357193,-0.14140596395956795,-0.12425279340668549,-0.05093427928882477,-0.09095950765004535,-0.021730959835088548,0.03099078733502747,0.006332209973678893,-0.0670167217612434,-0.11468802494117858,0.0666962345558888,-0.13943497014549067,-0.13263197277816507,-0.11629505352754155,-0.04331884997008739,-0.012349648875275676,-0.0366572862368999,0.025506747808357044,-0.15158407216976766,-0.03410211593053436,0.03677193362175846,-0.0658953044576398,-0.07263794322752615,-0.2372558786403003,-0.07041389614870663,-0.12700149033448227,-0.05031666645336497,-0.08936355153036413,-0.008409008361336845,0.00937578182613219,0.0014258574463590357
2019-06-30,0.07984384493866425,0.08339069047013448,0.10560810543685673,0.04988453038444218,0.05365005629833863,0.07334817045326236,0.04243963459207567,0.06358346358608458,0.060144970627078465,0.07955334083358467,-0.016603112798049935,0.09177339919036953,0.12267690311643742,0.11436156812390497,0.0889417596512958,0.09149772144564805,0.05596325138922342,0.0329995373985299,0.12887794657762264,0.06343846351721805,0.013516889038113433,0.06727192723820341,0.05059170192488294,0.17871042998589193,0.0981494327547976,0.0845991595326554,0.06068564699985224,0.11857314546386544,0.08545802586047646,0.04627250902713609,0.043561818704660915
2019-07-31,0.017096803071765088,0.05447387447329044,0.14571839281315047,-0.022627972893660253,0.04393292861886966,0.010628055654763102,-0.10916400586288733,-0.010309258632322127,-0.06726116423613338,-0.03007049202177514,0.03446867222740835,0.056315174321235784,0.07361686813930879,0.0731614073000717,-0.010745145778185083,0.035897987292663025,0.0300204037352918,0.01121299015602828,-0.02682101764062228,0.08018534124665333,0.020283737176583827,0.015006724398984872,0.01845834826645021,-0.044016801375508674,0.027132500516252378,0.02447479753827153,-0.012274975634597673,-0.0077905555557928885,-0.0009965234501403408,0.014628179376272143,0.03303068745900939
2019-08-31,0.014924944836088194,-0.05740074720059818,0.001661374860804088,0.05096757306488753,-0.054383200999645,-0.03269038617492104,-0.07919864164244172,0.04107723890486348,-0.006921208706937243,-0.07001889452017318,0.08411296227241127,-0.10906129968021983,-0.016598169226475168,-0.0702830809388777,-0.034542145367558064,0.03491909053187303,-0.041037690600343346,0.061493096477232445,-0.1011752660761962,0.018383116869391536,-0.06217161621565648,-0.016885256375409163,-0.16848266441409976,-0.18521946739771922,0.06442444668301661,-0.0153644674278679,-0.041514384442087326,-0.07829772087562104,0.039457881888585344,0.0391009015877124,0.04477370592748331
2019-09-30,0.008450952256594313,0.08333115480302045,0.009728188658495895,0.037128835164226714,0.0688469610698279,-0.017515944407170636,0.010632521191187294,-0.020216102527308877,0.007915406104282319,0.030629971035648573,-0.03586666427055629,0.06516062112712273,0.07042257145954212,0.01615024511499108,0.007447738486441757,0.07061760605791356,-0.051883779431292965,0.061558261562323136,0.05961559618921264,0.03393458284869766,-0.0692455813425239,0.019270532584796385,0.054055894705258734,0.04051754614372305,0.023960832339275484,0.10569185213535892,0.027441410218244755,0.05548175069320305,0.03795490499684062,-0.015069316598093963,-0.0036761901723703083
2019-10-31,0.030739041345978713,0.09260705654785628,-0.03958114409379743,0.012172094887475282,0.06759856597640734,-0.00467293376057043,0.065703072923748,0.02903506154627422,0.02035086191808233,-0.04400818010044816,-0.013888540260232674,0.06951845596286921,0.10497642329737111,0.029245485479345135,-0.020960416488830624,0.0352121049969818,-0.003074179415810896,0.022702835305215885,0.09489383642142801,0.007412260770084167,0.15083195882021094,0.021864327880104284,-0.03166696809854086,0.031383864356487656,0.010972987796373346,-0.04764611976698507,0.02064841871038592,-0.005411196208001456,-0.012037539168830325,-0.08760838549513927,-0.00018372461458193712
2019-11-30,0.05776142161044184,0.03202189540056155,0.04659689909078857,-0.003810756100286472,0.053308454851078046,0.023926951377577943,0.013520071774082876,0.0059824179284513335,0.04735057003480403,0.020241457253406647,-0.018745911994451525,0.06349837054272056,0.07469382267633407,0.04229306192403648,0.01829358272505921,-0.02926299218226802,0.1541947850742007,-0.013811523487793576,0.049066151014776516,-0.019873240875730502,0.10212212623668471,0.03555820054550196,-0.04741240341917452,0.1474363929487894,-0.06185367930796026,0.045662953207179946,0.038097778752912426,0.029831238414550487,0.015486077988868363,-0.004962365276409031,-0.011662947738918739
2019-12-31,0.040901493260840915,0.030536856611971697,-0.02255269141712457,0.01907321290405184,0.05636551966219816,0.03573416759460191,0.016988683929918036,0.04916844657384534,0.0591645372886882,0.02392998067118768,0.07563776520708743,0.06090102496708916,0.09420403801753174,0.038029768664540775,0.02844820989171648,0.0444752572461109,-0.04096154254482087,0.03504721451602988,0.020178336569061983,0.02300071131417525,0.05302408908587797,0.028641355394499968,0.05683952345108656,0.1422804361658221,-0.003330875024185609,0.08033088373338249,-0.00871893290231096,-0.05793409680377737,0.002373518416450615,0.01596620431749063,0.035866223426849864
2020-01-31,0.07645575775880697,0.06594714757900277,-0.12292169915015538,-0.02208904020079494,-0.04542253647723715,0.04576859296004265,-0.04061978129731614,-0.06249549746334626,0.020357663169754403,-0.11627960844417196,0.008319839601897527,-0.0702713001699391,0.05260193277504488,0.033444476013340996,-0.11759652684580502,-0.020432969386641187,-0.04468131967189759,0.10213422636426506,-0.11019228344970955,0.0036792325096257628,-0.07605692629139238,-0.00040367986390155153,-0.035053513039637885,-0.16349032343382142,0.04354733380760134,-0.05071682456361959,-0.02158719290497757,-0.005612987059141705,-0.037290286712163834,0.07954037140606474,0.05363914933313696
2020-02-29,-0.04676472367572693,-0.1361328113238005,-0.1246656930898995,-0.09302486813433397,-0.13098750560378747,-0.16668994263578352,-0.10822881105045479,-0.10973952157060918,-0.09530151728960412,-0.17439758900909164,-0.02154771260107502,-0.14143850333975783,-0.12183023657656555,-0.16296379516570703,-0.12626758499743929,-0.06592172536862018,-0.1617833659444896,-0.05408362013976831,-0.05565056117700262,-0.0958480075876702,-0.06634837451160802,-0.08247535953024254,-0.140861507554074,-0.10836825674174122,-0.046023074474862646,-0.07180078289996494,-0.06051953795918941,-0.058696153193152245,-0.06132347755416978,-0.0908636530230238,-0.08782135415097514
2020-03-31,-0.026900188402444236,-0.02553956170554539,0.03186622193354616,-0.007971146089681191,-0.2543952034217325,-0.2500419758388466,-0.02361599051664287,0.013178186613501452,-0.025226255573855383,-0.30361936009105905,-0.04072085699056238,-0.2881285762995507,-0.07231450080296487,-0.26138369513137594,-0.25321399794622046,-0.1891591021121357,-0.19713544960633467,-0.04922166344607115,-0.0682802942491394,-0.028940772746866017,-0.017806545487426106,-0.13338416139258324,-0.015648919053826926,-0.38903447991406503,-0.14753636007503257,-0.07719371623235016,-0.19237363948564923,-0.02311141314752163,0.05811037809570507,-0.16066965066716143,-0.1809074731247038
2020-04-30,0.12780053547104764,0.10280732133820436,0.013185975786416115,0.07764061019448132,0.07203981124345304,0.0693404841296017,0.16147677482003608,0.030716569305272223,0.13471284335050626,0.20201040190583175,0.09309187069310454,0.12471974830095656,0.1444237191643083,0.1710021472768819,0.23875383704650321,0.0674417259738247,0.11294050693183166,-0.04028169674238269,0.012064682047589592,0.07574893690246931,0.15938421535132719,0.11954443589055064,0.08463439002978879,0.2686123877786035,0.16329795479221154,0.05227175069333523,0.058851326531375925,0.09641260549362984,0.06746649225546353,0.1260345463126642,0.036391895811559216
2020-05-31,0.02507415086048237,0.05364467560645059,0.062408038824894874,-0.0012193650046712357,0.01605686413152263,0.04101042564898272,0.005474889608995337,0.017243999680548683,-0.0017266548468635179,-0.0025505501206599668,0.08134756199344828,0.0029066132366986075,0.08166708192360161,0.07506458158901808,0.011307952076606398,0.01271856592338283,0.08121563114548369,0.10052030401050782,0.031714003296581694,-0.01668188026112638,0.041457693634307624,0.046545122524828564,0.12076732319827732,0.026817247721568016,0.1225080438457713,0.12538500912895767,0.03480184548921361,0.014989819323792286,0.024828654607808698,1.214279856398548e-05,0.017068448483458454
2020-06-30,0.10486383190668924,-0.05051572002294158,0.1088845496142854,-0.04000158838813128,-0.033968866926653796,0.0013664985780978967,-0.1551988234230941,-0.03498694399561675,-0.056134942768180984,-0.01663178644515595,0.005608170321940165,-0.008509265476073669,0.1374864601252499,0.005734277980836033,-0.02730469813919356,-0.02062595822368607,-0.05062046351789817,-0.05661715932331646,0.05166772012853116,0.031001486425938474,-0.028716415631833137,0.017579001019140783,-0.024985394798092475,0.24344351355610439,0.014089923739131649,-0.005390807309109569,-0.008676531651249597,0.02751451062168897,-0.03510858405181949,-0.009978917104137786,-0.0347456166239426
2020-07-31,0.007343668342367771,-0.2259470597208435,0.25001416122053577,0.05291025225772206,0.03675723892087035,-0.015418466834724143,0.1724898416974665,0.03694022724218993,0.035829089972321704,-0.06084822492517139,0.010962871267216734,0.04648179131580976,0.15283395417790668,0.001719036863603307,-0.06111561324056414,0.0011255338152258432,0.047546642955955676,0.15593954633973528,0.05666557655846294,0.09850131819715724,0.026200934622401917,0.05722344646482558,0.017661041195704996,0.11036086613092033,0.05807816730949167,-0.004497718091092118,0.03252415834812261,0.007470128076425997,0.07725126825199347,0.05181372575590615,0.05571490675661206
2020-08-31,0.09780865257570692,0.07205323469709946,0.1427320876866789,0.030666237657257067,0.036075573961309004,0.0849106615627786,-0.018094240361115954,0.06080022251338679,0.057786204909156424,-0.032658354277793844,-0.04795817746633091,0.03398189450556588,0.19603492911259757,0.040346846828070326,0.014194825226462982,0.00774542603667161,0.12015559228293515,-0.0004348743130710986,0.06856142391885456,0.05352940193656508,0.031757790612880754,0.06746833270042707,-0.1093792256275079,0.189135227086616,0.07105234448849096,0.13874891003966727,0.10848551248501348,0.0314219119322896,0.07458898658411739,0.10026320954879342,0.047337387508862516
2020-09-30,-0.0697753754961985,0.016159045828197716,0.018229316272239338,0.0037050222058852,-0.039911811597447056,-0.013278167540939023,-0.029267758650104447,-0.02033736157742627,-0.02997327194811472,-0.15135908238810458,-0.025395407630381506,-0.05930745239839519,-0.1081714990517062,-0.019219975772601927,-0.1533170176060974,-0.04458878845739234,-0.06089007531090562,-0.005783943659175783,0.04694454864839592,0.004759669722055548,0.0016133681377814568,-0.03816259787374321,-0.06938179192164373,0.0019199511086118726,-0.020792473227745134,0.115108199953732,-0.005694425729666719,0.04242827772633406,0.007604923966339605,0.027576428858929525,0.004826717802972169
2020-10-31,-0.03808591466171407,-0.15647063424190844,-0.05882948657077147,-0.0323414026677451,0.02745540012537795,-0.09000552402817252,-0.0338073383474069,-0.0979541151295642,-0.08235703698664754,-0.051093872924496964,-0.05126472544475558,-0.01632187342375513,-0.06188820415222818,-0.061197077579835835,-0.03533923921954285,-0.029481714480098287,-0.023071895677462706,0.05358893127078268,0.057701093260818404,-0.00815402316873115,-0.021495041989880725,-0.02524963945358305,-0.08359318825110273,0.1031842311012876,-0.04041555585172052,-0.044466181547250905,0.0020634099456096067,-0.05797669617706669,-0.00832536574513476,-0.030014512836760154,-0.026892587894072673
2020-11-30,0.05832595952633124,0.09518011564701157,0.09120597198333424,0.05827864121906012,0.18429163906735102,0.26217870701210444,0.13956580768435112,0.06660572525297326,0.060665210170892436,0.17991572991191962,0.0067266271023678215,0.17242741116207716,0.09120471991221724,0.1986390059611125,0.24125517922851136,0.06206018259957924,0.19942514830475844,0.009856194414398445,0.1001320555875207,0.012827657225962241,0.09735182990395064,0.10325741031839097,0.1809276788410661,0.2992926768409738,0.039335019601547394,0.11489168015162132,0.2167627332452362,0.028289639610096895,0.09639064792732155,0.026556792590369582,0.07888122810633336
2020-12-31,0.03826451051906332,0.02995031727702857,-0.01573084159184379,-0.027863349190851316,0.07507081188623044,0.019374392534788676,-0.039941286671148823,0.02525339357991374,0.08413919875709741,0.07792245892107585,-0.02400443040596567,0.07978845224577746,0.10847187763275112,0.13968841816606847,-0.03181529666062399,0.0003480834241567088,0.20221114733893586,0.04724253397623546,0.047420232559216124,0.001942311607278313,0.04534294297145536,0.03637866264480749,0.039426299943860155,0.10655678876791752,-0.03799250716727176,0.051047767737546046,0.04215489044981613,0.11400301299863003,-0.05456153447013934,-0.013240377300480333,0.06089841241950644
2021-01-31,0.041997423143676826,0.10814670967208873,-0.08291675357468087,-0.059865405629407675,0.019688943999510933,-0.035717129258420854,-0.014212192620447706,-0.059563302340829516,0.035884076648410534,0.08417700631089176,0.012837119376954753,-0.022015331510835345,-0.005516515637924435,0.02789602940901137,0.008841706790647663,0.018756996057847086,-0.07451550677651753,0.04709139323750211,0.009801550477258836,-0.07579730624481584,-0.049991359642712396,-0.010242584504352337,0.004271020900787903,0.03363246577528889,0.01938788736841257,-0.05731243112494333,-0.0849873827691976,-0.06430186333484933,-0.025717932293243262,-0.03191421345859169,-0.1300986609609942
2021-02-28,0.004109435922015514,0.09674926387904748,0.024404684713605462,0.00999577571101673,0.13433763609607396,0.15136975312157386,-0.06949064226808588,-0.05947376258837345,-0.02282875186609612,0.20955146577937178,-0.0506543803320767,0.15756567517651865,-0.08306874174741008,0.16394853790496544,0.17420532584550408,-0.02618686222859168,0.11698317865932317,-0.09059625794693904,0.16611105498096723,-0.03718557824039426,-0.004085429231744264,0.027425919622084294,0.0064841616135806746,0.23121192341121732,-0.047177988323888975,0.010899541915723177,0.03952019751891367,0.06533466221059037,-0.07821764277241794,-0.00207915421591931,0.017294994439637446
2021-03-31,0.01448273771915165,0.051622225764637264,0.07422143077439003,0.05025279757439405,0.03380385063682567,0.04767785856040785,0.0786404776377041,0.0684811379520216,0.036496318085990964,0.02649885591515888,0.10083425850811878,0.11350781206793181,0.007312862722864466,0.02718582873795672,0.04678824703848683,0.08188878802214017,-0.024200746912343973,0.02857527823560435,0.07145406942236932,0.09197106596302529,0.11683102728630068,0.04439874932909582,0.14188168856833894,-0.02932561569494041,0.17310139584154527,-0.01412199293881411,0.07022089462466496,0.08410067148740197,0.04865197888564543,0.08371545293585125,0.08147833946454774
2021-04-30,0.06728636563968404,-0.10657662501678677,0.18169373187936877,0.004490986608701508,0.016198040875325503,0.08084747257788294,0.06465936238685854,-0.03417451110311642,-0.009906181078874532,0.02494174160115925,0.06881841016719115,0.04646132829278926,0.0734526029760465,0.06353446250919426,-0.016549981352608434,0.05947982266778862,0.008096398625575318,0.024818269413317218,-0.011838467390276719,-0.008575606602692076,0.06937807419603814,0.05155829728032657,-0.008448189982791732,0.13776707855721027,0.05859354246231785,-0.0020340726621128624,0.027131521704004236,0.08136250753438379,0.029595161685008975,0.051899779916428024,0.02380814060924985
2021-05-31,-0.0076567127899132,-0.0010118491215473924,0.056121401150029726,-0.0227520344266825,0.06561077790180292,0.04326337828884075,0.011872880062038682,0.018485781171862392,0.04550431713148928,0.034011922627459334,0.0027047499918610995,0.04487007022128564,-0.05181663324607655,0.06882431636415287,0.019127686644521802,-0.06511136719348176,-0.040425641357943576,-0.05693836205714309,0.055300695709001424,0.010661369047488378,0.03236904571124288,0.006544632930697958,0.03834398853423604,0.1247418730335017,-0.014815372018696316,0.030559686446332,0.03891227981657863,0.038185208571207774,0.01895838590942489,-0.003811999500856089,0.02397848011541015
2021-06-30,0.08156971187947804,-0.017305899060835905,-0.031382225210919046,-0.008176656051321896,-0.0544257779306907,0.03135216985304368,0.011041539503360287,0.07991332858127365,-0.02700821721642921,0.07760168921988919,0.06065075527891661,-0.023545758646142723,0.09450045568144905,0.019986142576128962,0.009111485327679247,-0.022334080539786694,-0.01625216125825535,0.006090977430043054,-0.10233246352622594,0.0005927853801077632,-0.024609453601465603,0.022179512221788045,0.0018884795593177017,-0.14078056803277983,0.0051672639513835605,0.12409761556795296,-0.051359334379530885,-0.011495893746518604,-0.007136551092233212,-0.012476338115303243,-0.014066305546684532
2021-07-31,0.05042390295936272,-0.0440631184466449,-0.08323707719790097,0.006699592773942609,-0.018724935694575784,0.0341786160899229,0.09813237170260258,-0.011639978280197028,0.0442876016866709,-0.0914022144984088,0.045799384028920365,-0.07215079324041707,0.06295790516967337,-0.012327730848997298,-0.02837284212753932,-0.0016064036814760208,0.0014211212945802743,0.06113845391666928,-0.045933803620328284,0.05895883882154784,0.028993377294914247,0.024119320155191026,0.05069400535103474,0.02842907556918428,0.028746308403000853,0.08091387050495147,0.06375463354733757,0.11654269240826043,0.010790820789014166,0.04949286810010545,0.05255823984487318
2021-08-31,0.059768551134648185,0.012786467274028546,0.027338741345410256,-0.01408217154202518,0.052429110564101045,-0.027164415302210365,0.07339005456174652,-0.007573788959701844,0.011311036715285994,-0.03941169353640728,0.03259604645465597,0.0846843215074009,0.04161163035727089,0.10292333617634686,-0.03737923176184932,-0.022715980440140893,0.029555602813980286,0.07983676544536156,0.019731480761478792,0.0011244167966832919,0.00977675122950572,0.029325732585807174,0.06383829682961384,-0.045920333413184355,-0.006143383247542822,-0.015025991599162403,-0.004094894508520852,0.02257978119525461,0.041868340736296084,-0.016400546345014533,-0.012705385091237087
2021-09-30,-0.06840595726058041,-0.014533629706392936,-0.0716693693261421,-0.018164047219463075,0.023113211401383005,0.00941542246682836,-0.06872926048911188,-0.00666659277252446,-0.06953783330834984,0.07591429328685573,-0.09140687544301684,0.021738855424927817,-0.07046153274057598,-0.08970824629565666,0.047229162304244454,-0.015065142405961574,-0.0692490139645674,-0.0673443687577775,-0.09390299503528698,-0.01835671136218675,-0.05978779203182594,-0.047726597481091204,-0.08096092724570925,-0.11213134765597221,0.011428077942992054,-0.12604973587661839,-0.0884433670159055,-0.02269468123351448,-0.06068375537987869,0.015253870997553598,-0.06311136888275115
2021-10-31,0.1623662656233522,-0.08374066631555799,0.15894030489868527,-0.00725992735836023,0.04318435332449244,0.03911088867409962,0.016830682189079127,0.15895127924306696,0.008508887581497149,0.09171811585943956,0.0605249799467904,0.11828008830061121,0.05700107061420123,0.08932106402175322,0.12092142247254944,-0.04145241408868472,-0.0005912206403113629,0.08317271176979002,0.0663365287021449,0.02874183044192602,0.16420555843470108,0.06781153164821418,0.0346333015732605,0.15012375165162517,0.12438868620517862,0.1414100916540395,0.02942910343848837,0.09979458783589923,0.06955701403845582,0.018247332072304445,0.07169540605734692
2021-11-30,-0.0012830122750706607,0.011003568459034607,-0.06843400169340708,-0.052694574124296345,-0.06731643600552495,-0.13193783798925462,0.2144476033414593,-0.16161745475405276,-0.037077852726173255,-0.06117594635232004,-0.07162583526765509,-0.07179232428029803,0.0999192586493578,-0.08152172257672596,-0.0027594102823425004,-0.10114666535119365,-0.1542691907217657,0.021269399533079714,-0.0536669460802921,0.011058282757112181,-0.03592771661277805,-0.008067222283646203,-0.020395853373258443,-0.017112629911306243,0.07479370410291608,0.01158906359811418,-0.07356772462572003,-0.055724736603704805,-0.060628724333434025,0.0016523299053154972,-0.06435201326291695
2021-12-31,0.017184288708327777,0.04568806551072413,0.07742983623471389,0.03306553815680058,-0.0030266559279619187,0.07157188297605188,0.09441306603013988,0.032274089630020875,0.09266567121499225,0.022309358407961,0.11324451111625589,0.005251296211620904,0.07160279620828547,0.00934976827917744,0.03892428026129213,0.07467103608490033,0.06667140267889504,0.07308664480140603,0.06695991276214919,0.12346932435748403,0.12581529679212355,0.04521018256817211,0.14457051413406452,0.11814237609611,0.03944151882081659,-0.013506261232874017,0.030531785912908838,-0.03967953991912232,0.032479476191365375,0.09162394987107181,0.12123023801815469
2022-01-31,-0.07833448498671558,-0.05344168175122377,-0.0582566377869993,0.036124272408808,-0.05757324096469585,0.09703867128249755,-0.10638454799768349,0.06123862690661763,0.007106097814614465,0.21622312465367166,-0.15102189173396763,0.036415675787490276,-0.015836637112649044,-0.0756435639970574,0.1125523375335229,0.06265456077612575,-0.08008028572446335,-0.17821670224200314,-0.02053433739610444,-0.013935211092665156,-0.06069312399166371,-0.05418300694017475,-0.12367378553700803,-0.11104597530999838,-0.1229951388775472,-0.11833062226009705,-0.019516691914795103,-0.06818839597821391,-0.03430924367063515,-0.03268412304848667,0.029947208029420747
2022-02-28,-0.037922211329915356,-0.015619949871196415,0.04703849078534983,0.008231838357667165,-0.046840609483835394,0.07868147342401866,-0.11555551301498301,-0.06202141478209544,-0.03944434560418486,0.04289729428662348,-0.10306585993782846,-0.042955314265793465,-0.05558252670771058,-0.038483299250274605,0.10254420139992426,-0.07362535170163564,0.037680777959844924,0.00744122065480024,-0.07188151784291108,-0.02883155425696149,0.006958736818784672,-0.029961533603452217,0.001794622216656716,0.2322368804808015,-0.15010362029091695,-0.08099440210784081,-0.06927146969912368,-0.06608401803193598,-0.03382496945980762,-0.052697628593007195,0.019960195244067336
2022-03-31,0.03136489322045399,0.0382527253790621,0.01901741660813272,-0.05220533705465913,-0.03941260443009753,-0.03952898381020997,0.0979409316880222,0.07784856019403286,0.0741123856560737,0.05180928529141848,0.10195185385570138,-0.06492378732394455,0.05588252912069436,-0.027459570323896898,0.12289372656508935,-0.00253613151614962,-0.07916738990049055,0.07906985671277589,0.17215863240736962,-0.020020802240543922,0.07216208433669458,0.03690111222394599,-0.00017932510113816136,0.057726201098816876,-0.04764077485038687,-0.012401384715120756,0.02513600306539665,0.08524388903508395,0.10080993526782533,0.010202241354849484,0.003762203161835842
2022-04-30,-0.10521278459988004,-0.12835632928327456,-0.17527716562116247,-0.08340377968587909,-0.1254758959252822,-0.06514683517041675,-0.053563013652396574,0.0778184144020635,0.018060777292586927,0.03169963712039969,-0.03611794463081708,-0.14433323453165015,-0.10217754720504235,-0.07747864294820861,-0.03856520155785326,0.06949849794951346,-0.20595837995697597,-0.176272628023737,-0.051904367935024176,0.05507027370283257,-0.002788348547724695,-0.09186203841101559,-0.12281999101493835,-0.20114407089423114,0.003568585753500386,-0.07609931248581425,-0.005514435001549245,-0.11575421037209122,0.026963458284138042,0.007574051170270657,0.041234681855164546
2022-05-31,-0.018242797833740276,0.026735710270938462,0.02107831131100113,0.10235401825345924,0.10239832321693854,-0.03429425901821048,0.08592032740904942,0.036967431319173905,0.0012385168436912508,0.12895135739061026,0.06080518253451128,0.04171842911311341,-0.0560373522011588,0.07368988265306697,0.11689274635224045,0.1211938939658106,-0.010717369525206522,0.06936455348609272,0.024908085626955234,-0.08220432117714438,-0.023416389261747383,0.0022548179506349797,-0.08363898865551844,-0.03692456958182788,0.0077924651808904954,-0.04804854811713177,0.005685023365233022,-0.02036950486616096,-0.16980416311187696,0.012166814363379963,-0.019220772163056843
2022-06-30,-0.05690962168499425,-0.1717517033529803,0.0015897880940869413,-0.010584544261416973,-0.16061206551591933,-0.19336136821204342,-0.011567324523070521,-0.001237952082567162,-0.011315516554098792,-0.11419584487402634,0.003830899607814686,-0.1723934746335809,-0.0849367265009997,-0.09570174681942856,-0.1876259931084281,-0.015621669502499103,-0.15693140022896834,0.023115237818018386,-0.18853962329534646,-0.028047341936093595,0.03691570966414126,-0.086059714399779,-0.05498026737109196,-0.2893895086536782,-0.09249887370465881,-0.1484561013975867,-0.10793460963162271,-0.028917929754557647,-0.05636731002702744,-0.015832791596888995,-0.00024412619751235098
2022-07-31,0.08901474517828323,-0.02984506364741124,0.06546602788046219,-0.08164539657675896,0.03293393873914585,0.10534615895694444,-0.029578188691480545,-0.020276489682692578,-0.016987295691872184,0.12383682686802366,0.05791663004486036,0.08258471397206257,0.1728044584783035,0.11551348265253392,0.12330870118042547,-0.09659184106336749,0.11684088116897495,0.08687178197969114,0.11042566381806385,-0.028056804187500006,0.05439006243823741,0.08809101046664214,0.07101834106558469,0.0810414462026845,0.09279791530089465,0.11730464302026267,0.10192548152278835,0.11248150559527925,0.08260797568026712,0.06465751710683332,0.01983071982025031
2022-08-31,-0.06898920401116992,-0.11881561003318453,0.005511482063892181,-0.09962774564350196,-0.01423040359343375,-0.01320217387044842,-0.11041070862045865,-0.0455720283735106,-0.07182881823652743,-0.004251743023938381,-0.06396028146202859,-0.005933116851575715,-0.03170530813786421,0.005359443678141673,-0.026504234244435487,-0.06830848184270355,0.054831004451301624,0.011561463863968058,-0.07074187565651258,-0.00700718947718304,-0.043353580548942894,-0.04165775144219275,-0.014429966221426671,-0.06379908593833772,-0.03598961431728398,-0.07656106195844892,-0.011309867320962397,-0.0485653716245702,0.008124964616031072,-0.03756154055090111,-0.03908979700940307
2022-09-30,-0.11571038418282953,-0.21402159043062197,-0.18573120642241303,-0.09633925573356272,-0.08464019669186662,-0.11927235064029773,-0.03304055667264638,0.016893623076263964,0.012442190319091218,-0.09060321190801535,-0.16828937786206222,-0.10041448413932885,-0.1289443825866785,-0.12680783126876882,-0.0954557426295537,-0.13402028392468956,-0.17241360794701688,-0.08140522525229521,-0.11843285861121178,-0.08855508522205646,-0.024769032199529306,-0.09700209449693009,-0.1115412943636529,-0.07978948320300505,-0.0442342929606081,-0.24452145481952492,-0.12578305949434032,-0.19406934307284285,-0.021735694384741766,-0.08924795187624301,-0.08947284239046072
2022-10-31,-0.003311550527875795,0.09823382750174225,0.03784172690276222,0.0007842672552800245,0.19504917485378126,0.09945022586236796,0.06180709188608846,0.1613569375549675,0.0629265291705492,0.238351956681222,-0.028340268245862,0.1767875033731685,0.10395595773546695,0.161779799703889,0.2304253875321267,0.19021029366566022,0.12172129488218886,-0.011673390273558404,0.28372058100203024,0.07163527517363377,0.09460085953668251,0.07814152237302707,0.1365388470287665,0.15323086039191613,0.07061500939245136,0.10886723095612272,0.20040380178308226,0.25071247849826506,0.09292410328693101,0.16693404306808635,0.06613245653765976
2022-11-30,0.09732912989820264,0.06949869797697739,0.13231883546217027,0.04218083412020013,0.09322826487060265,0.05974854662247164,0.08262679113156368,0.08447203153428529,0.02933458169829528,0.012789478580987002,0.06565714400455658,0.04900165100956544,-0.03358549963377566,0.12063964680993156,0.020940099455262207,0.055999512264700346,-0.08488053983635524,0.09390298935610719,0.08816180421202624,0.10219224198387344,-0.013401385458029935,0.054101266686236826,0.09023451389606896,0.22786584229346962,0.09594560295615384,0.16850529257695968,0.07824710907174026,0.06159609821526324,0.06849156088359187,0.006092992300647637,0.06799640677122687
2022-12-31,-0.061923717565319336,-0.1290283647273207,-0.08746685632995543,0.010716964427615938,-0.029971423227742378,-0.0644750182911018,0.021900984989371874,0.014112547645882323,-0.007613052374014551,-0.009384402279486892,-0.03599767434263246,-0.12766443468325006,-0.13041888071093943,-0.11738814297976319,-0.021059092218510322,-0.046174297157146604,-0.11911227512647216,-0.01307189146133858,0.01323632032724209,0.015962161601075664,-0.02954262279651143,-0.05935553641701041,-0.04273449912465521,-0.04628090644486038,-0.025413655916874944,0.06766618442971684,-0.024203027303244973,-0.015658511546407183,-0.0685299712152867,-0.034535205808426284,0.0
2023-01-31,0.03277360689354847,0.06694783343491073,0.06346309166805586,0.0692113173139739,0.0501302142050255,0.17232435174963623,-0.13956268782373593,-0.03242620129293172,-0.07784719186467903,0.05047253035342614,0.052993487818135954,0.06883191247786646,0.10482920196104306,0.06327613799623055,-0.030949388098314046,0.11550610600073741,0.22213017886886632,-0.11350102941978424,0.05653292795949394,-0.056226729165257616,-0.06022980103602826,0.060989216270906255,0.029348366709051277,0.16391126878305684,0.025969196140303907,0.08452257882088166,-0.02753373453752772,0.08274985489423958,0.014563024947949366,0.01457857973775134,-0.03666458735068723
2023-02-28,0.008977417620369188,-0.11326422086520793,-0.0061335958798904855,-0.06870060431818814,0.0239326422014825,-0.005387900107265864,-0.08479049445329556,-0.010952762807666439,-0.057020802372869994,-0.046349236317597686,-0.12060182167576361,-0.03382393484228707,0.022918542894289295,-0.03947770097884806,-0.07039397927923563,-0.07437229297515247,-0.08539533550364631,-0.04300142084807046,-0.051816872691661686,-0.034439514396138904,-0.04769506175554916,-0.02546429424494079,-0.005150012731009124,-0.08534192013132413,-0.0890860293084268,-0.06942504150283213,-0.07977708198053168,-0.012055318983811958,-0.012167935270779306,-0.007380504121186071,-0.029961662704824477
2023-03-31,0.1448634613449089,0.2703852151393158,0.06111118012969019,0.0020592866859594494,-0.09537308945097234,-0.05335564240526658,0.005653327415371834,0.00833924266337327,0.01128923212373767,-0.0022771811659287877,0.03146793035017481,-0.17527371184989216,0.11212118236527768,-0.0652050094450285,0.014756444138739333,0.017820431836669037,0.005206678623090433,0.08174140906962712,-0.04573931428364286,0.07780356248284459,-0.003508203181247005,0.03640709131268949,0.07670092962476627,-0.001465425385209329,0.002415441094288262,0.03474358031924041,-0.0018818576931085573,0.061243585679444656,0.04083708059275537,0.0577875811056483,0.04911496881190214
2023-04-30,0.06369270348144784,-0.05053632652620754,-0.07590604109234267,0.01487011429247298,0.06689268948164262,-0.018430563615726037,-0.04794527336850596,0.08189923040928715,0.05461029510572324,0.07617711583824871,0.0076564952513313855,0.023497982396026185,0.02857523048076871,0.04871582796683516,0.032679054507585015,-0.07156039950418425,0.023393491767494723,-0.005855284288709406,-0.039451512593478455,0.05666670949768182,0.04043338467786839,0.015848592713939347,-0.09367760922697821,-0.07250517473921025,0.018198666278240516,0.03272654297491506,0.04461557066552935,0.02336524674390361,0.023592079209428185,0.056118630617048915,0.03360604955130597
2023-05-31,0.06869140317133482,0.01624680999013961,-0.06434473737327995,-0.0860051003430935,-0.01847114345277756,-0.017380880830393686,-0.01186212577009993,-0.044810254818229645,-0.04670664493015764,-0.1381859687091085,-0.10270583363393193,-0.052228314413634624,0.04502914697123561,-0.05099219686137513,-0.10290534224028924,-0.11629860385684188,-0.15298069088886557,-0.03585020525394622,-0.061496176590191354,-0.09294704120553643,-0.009904737604749414,0.004605839200282347,0.04994837288969478,-0.09890419073414547,-0.05137134601534399,-0.18554645270545223,-0.03687413142506557,0.11194774248229145,-0.02374164865819095,-0.036639320584749946,-0.0725623531329056
2023-06-30,0.036330420563545296,0.061671764676353824,0.07078781492473407,0.04285159768525704,0.06924334010777677,0.0940710787128376,-0.03588034197025003,0.05077630788906351,0.06527988791055428,0.04842673527480201,0.058391750392708275,0.03982035903059744,0.09014212683461142,-0.004207599712261256,0.04371249197889693,0.013889125934804625,0.014895387717787756,0.010023051576495412,0.1788729556165114,0.06282674919607256,-0.009541691682244391,0.06278657007436106,0.04083018554873785,0.15256870555204793,0.09159863195961204,0.050691255809459435,0.07972161677047662,0.11700652196711481,0.06784367687924053,0.050887503212279306,0.016929717729301963
2023-07-31,-0.013659380447586855,0.06735682825008649,0.043022047880724834,-0.06958568110251573,0.08942241145842633,-0.027592247020867156,-0.005967728111560877,-0.0787652574858555,0.012070503155725554,-9.334832627949652e-05,-0.01889461957074534,0.10918717412913503,0.012704498522955632,0.09833837436137838,0.03931839191421993,-0.0762592885758866,-0.004377850416282136,-0.012203430671361204,0.0797764161914527,0.03588956426371581,0.05214910012589424,0.03220893172221739,0.013335980247033419,0.11366539886226823,0.0720270477161975,0.00018113778202977215,-0.0666033641430932,-0.012238421518095066,0.01690689881234908,-0.01761350268087991,0.02800017062677629
2023-08-31,-0.022476423574136817,-0.014178264443541977,-0.09051944058262151,0.02606574523582017,-0.07647748345849603,-0.06665673521707305,-0.019037570705370932,0.021611909054648493,-0.028309350621733564,0.0443352606904428,-0.04839074692366285,-0.10158581707029768,-0.043308365645441604,-0.07413278023204217,-0.006201250918373091,0.018424305825504472,-0.06039968853969402,-0.08595334270875643,0.058446054504228684,-0.012619206334240296,-0.060632098911479915,-0.01638558986077232,0.0971600054575088,-0.11222763572721961,-0.004294957711988623,-0.08189391435990068,-0.026947689277774245,0.026598514979640164,0.02060487610953432,-0.03660468125651395,-0.03449736714298268
2023-09-30,-0.03733095788074525,0.011599852993168014,-0.08324033656548568,-0.07630946853985998,-0.008992788626484227,-0.05731128903458238,-0.0645010686433709,-0.0501267561719132,-0.037366707996948634,0.05587838206219331,-0.09765715429085198,-0.046038478486198464,-0.09285912565233634,-0.012713517107780348,0.04562215201627495,0.015431363261435571,-0.03193363758268042,-0.15357709038684275,-0.029345500781272627,-0.05651091985579271,0.060202944953029025,-0.048596284092097264,-0.06464313874144745,-0.06790134383785373,-0.08904463636272197,-0.05839512511736711,-0.017173292773119186,-0.12805220821023156,-0.01661860433910567,-0.0650626102454499,-0.05861032306854108
2023-10-31,0.06842051425492812,0.026372304455168027,-0.09849098880937124,0.10170873222464483,-0.034614525572295385,-0.01730811720870129,-0.08195369574023692,-0.0024314555403099902,-0.048745294681046936,-0.10509592501900133,0.09029312490270058,-0.0387240716771351,-0.0025732896650501047,-0.06367157902115927,-0.14589189001231784,0.043908393988397965,0.006640415668129229,0.01747597405695478,-0.18356163203467268,0.03447991188092292,0.060359896971377225,-0.02194773297750352,-0.023592638685229428,-0.09481079643904744,-0.059555725222897316,0.07211128813056433,-0.008043531235158774,-0.02042650570579596,0.021526304438889365,-0.00483262573626142,0.00906920468636807
2023-11-30,0.11595501131995789,0.20594394777873326,0.08242338510803204,0.08717750248295619,0.11546314047642348,0.15650559046265844,0.010442836909370978,-0.002144240816856602,0.04969830526520802,-0.020718729371177247,0.15843058500546192,0.15425974836347578,0.10775962417308449,0.12589874202573448,-0.004296007672731861,0.0732265294769463,0.1275538409613235,0.011700174332099245,0.1035806001345918,0.022995654418361156,0.03199065352202979,0.08740985464805906,-0.07465410676342632,0.09966052123625069,0.1030590166982428,0.07043855478638328,0.07266741196318627,0.11679397726584995,-0.048395462322600835,0.07832038269130326,0.0418679176780552
2023-12-31,-0.007603209863583871,0.11703709204626067,0.0363983088596429,-0.016572844330350556,0.08601807447163257,0.09260737838980404,-0.05671444364990563,0.06907825280856894,0.013359327857742187,-0.02723127935295011,0.04133441644541591,0.0992085070279547,0.013491157675279197,0.12177667306369067,0.037987989083942963,0.012593698811696363,-0.022980092150449494,0.03740468568277322,0.16490714172306564,-0.0465324691149247,-0.045703649275851355,0.04464388406171249,0.043282743140953706,0.1316204563927017,0.10025961632938074,-0.012175806040142234,0.06801930971835812,-0.09735188001547179,0.016217606510087634,0.050741452502126805,0.008349717611506158
2024-01-31,0.05570070888216794,-0.1539516660964937,-0.10258743399062631,0.1330308655115955,0.030882682634678638,0.07231086722816382,-0.04629645127828441,0.102439522320525,0.013686699202380304,0.027912354115856353,-0.0983954929475983,0.010047352067623194,-0.04314466977229792,-0.0045726894198585555,-0.011666174515902128,0.06899280272528685,0.06184213733207411,-0.035355839179803006,0.020193314485199565,0.07613428584072235,-0.02837773294008894,0.015800805822660635,0.0009984503720685822,-0.0664118570950003,0.01832757306457644,-0.06704073615577144,-0.03617158925375907,0.06163688405461176,0.047082118424037755,-0.01286448868650325,0.009458085470583022
2024-02-29,0.04144744600979333,0.002230209526115523,0.05499692519617394,-0.05658895393541652,0.06494724548683894,0.08897707650531217,-0.01938906628655479,0.0513968113313803,0.023050839320305272,0.025746635350291314,0.01627386522151486,0.021903879337418886,-0.01871707934353406,0.020100724049474827,0.04144548467057696,-0.04391203461417925,0.14987297380894216,-0.051353363405248764,0.10620618994188558,0.0113896547960044,-0.03609109772455277,0.050870693719155646,-0.0367369653117553,-0.04852566477255804,0.07542058056297218,0.02336343512466854,-0.012125635785581679,-0.00017903357333270975,0.062058159129671164,0.00416936721683836,0.008869483158306046
2024-03-31,0.01697130646456735,0.025683568342395713,0.002492426737963349,0.047337324393266655,0.07374708600327384,0.036997422452779816,0.04382955795101262,0.04337880457706955,-0.01996490147108787,0.10627851641550023,-0.006406917261764455,0.09393974497477098,-0.05264817424457657,0.07103173478676617,0.037001954843516316,0.03881167492974402,0.09222566869039994,0.14669404850804213,0.09278622940648873,0.020611450196724057,0.006160284829341833,0.03217871876637446,0.03134171720825529,0.21799933320836606,0.013788296004437761,-0.097069303885986,0.03228179293956224,0.11754427435410708,0.029668497097301127,-0.03598248369943491,0.027109350198343485
2024-04-30,-0.07754012263040178,-0.3713031876180062,-0.007767299986772613,-0.04460493666718701,-0.037859815041680456,0.030557693015977883,-0.07986261291613372,-0.020906773454015593,-0.08989480083337309,0.017313142426614192,-0.13231819188036376,-0.024290666607277522,-0.006729005241461472,0.02136506380387182,0.022131917989669958,-0.02492997897692728,-0.09653676825396129,0.04676896640587991,-0.08732281594048708,0.012274481821522798,-0.022486462195825396,-0.04115502006033722,-0.05236279416385692,0.06320988760274959,-0.137801025646473,-0.018471281382817395,-0.06293857143456894,-0.09595689501497517,-0.013721701107427542,-0.0321116342735035,0.009597484881103568
2024-05-31,0.06596659205445832,0.01644771785035548,-0.04865222464079366,0.04117623360821909,0.0552415270093185,0.02518972938960129,0.12709731967588134,-0.02889197390535525,0.02233391094334891,-0.0004867900302221173,0.1318540892962643,0.07744152515104252,0.1224143762547687,0.07356114217174081,0.016413597333349017,0.07579811650228319,-0.06690556438645334,0.1780317588802811,0.011737046496654635,0.008177194053449632,0.023839943413994646,0.04934218609399199,-0.01026950302095253,0.05436226429066826,0.008870732841387508,0.029792355019397476,0.053198148178097426,0.029793528621418375,0.10601513552293351,-0.053214874433230364,0.018605228547098562
2024-06-30,0.07385501621728974,0.0038821833034368147,-0.015084889659267908,0.00218485211350794,-0.0018278459882310472,-0.03584317439673601,-0.024012355209946712,-0.007992461076733903,-0.003483399977801227,-0.018418553128813464,0.0012945080691588728,0.0005471547391349141,0.09125893640129945,-0.00924244720672629,-0.036901830571197,0.04769196164032197,-0.045480240674724115,-0.11581959752084181,-0.016140377246994575,0.002307033773213618,0.031887112009698626,0.03467181668441732,0.021487854770473103,-0.08156112477991107,0.027596587147421303,-0.22809353506074626,0.05461637464502633,0.18638052044131292,0.029222272075450917,-0.009296051228666613,0.019105676803419236
2024-07-31,-0.06612836767518271,-0.0074542491002653755,-0.04850888256056862,-0.001380262032270263,0.05632470609489815,0.09172599435472772,0.10156152846572697,-0.09012983189081414,0.0769434562522262,0.02969701231911248,0.12562888127230387,0.013486578517530656,0.05298207523551479,0.11811699667496356,0.02556225030089543,0.022196893575953336,-0.053450558853020524,0.07585162068677676,0.042638195454259176,-0.01955173234746166,0.12342667370484861,0.012036532775459463,0.028122835236033872,-0.06496169271418317,0.06717853827936615,-0.00678975776013413,-0.04203435426240443,-0.009651670286483949,0.01364129102406153,0.040602397180023786,0.047405133380369335
2024-08-31,-0.0010957821420598535,-0.32638213339081146,-0.0014066072360972015,0.03062202415828308,0.05485839284622873,0.021928173250394423,-0.05139676889813316,0.04595337321751991,0.05706033355134554,0.0025224932252472243,0.016469810880033187,0.010856314192422278,0.031841182004282764,0.008292390224107216,-0.07010265015032768,0.03320866237833986,-0.035968471516667044,0.05898542833504461,0.02819501850380224,0.064903999864101,0.0240761261044522,0.023096752700274337,0.04223262415034501,-0.025199435997536934,0.006978581854354182,0.1070689438157224,0.020772407173436314,0.013108493858625003,0.12075887182985312,0.08401141319102301,0.08236818385408817
2024-09-30,0.031060751567487443,0.062437778376226216,0.05883368303652059,0.0722427128531078,-0.0640168205440288,0.047380843727348854,-0.002415805511206681,-0.035491514190878704,-0.023177474082809013,-0.006123476996999777,0.03723437962943521,-0.020110176563636006,0.017316349745994053,-0.030120909624803183,-0.004606775774239402,0.10032269004982641,0.06230241160315053,0.048725155535460196,0.09380271280854391,0.009630412238598396,-0.00585723553369899,0.020787089389274982,0.05166929244358842,0.11988882450471783,0.09494014159762898,0.06363416025110968,-0.0057885676345330594,0.18733396938225955,0.04457006918488826,0.059256389280024635,-0.0016205472853645375
2024-10-31,-0.05726767556845669,-0.08631404763516315,-0.016864195008733596,-0.04841023488916907,0.057231847382960055,-0.0015287910511210256,-0.02236300578031969,-0.10422598720811482,-0.013668204463501255,-0.003760637358962704,-0.07807468509398596,0.05252749031261361,-0.030901697869152756,0.04478978037839898,0.010469950152297791,0.037006870071791376,0.0001039020203279506,-0.06449920950321353,-0.035307085991139964,-0.04154896319844337,-0.03512432720302172,-0.008963727958282597,0.03632165635590434,-0.10024010607329226,-0.028664654470126116,-0.1363796879359711,-0.004995218081648822,-0.012891302826313122,0.01475116770617646,-0.04157358744167805,-0.09557467926822127
2024-11-30,0.04324386117417234,0.11115220826358607,0.024538783567297884,0.05112708059395166,0.1180233675680773,0.12054371658621399,-0.0613077001360387,-0.006668081865985442,-0.022817018514474263,0.01823734115490261,-0.02148985240264789,0.1275653924521798,0.05041446460039456,0.1615423372658915,0.09457570262912451,0.02713505714343123,0.19975366382050996,-0.0006659216562212578,0.0765031037452868,0.0818015810339503,0.07784650416543659,0.057923182202299195,0.07794778764241128,-0.018382089687941416,0.09129594682703157,0.02103980274189876,0.1293272597209132,0.0964794281996042,0.12109935829386131,0.013262899752124468,-0.011456848989363166
2024-12-31,0.003229968149952356,-0.19344345132423912,-0.07972342345541517,-0.11305818851184801,-0.04253872351441412,-0.024419355829362388,0.007980338754073557,-0.024728381584954384,-0.0782701920931137,-0.10917329366336936,-0.12992287389733193,-0.07325076380449591,0.06077087335824949,-0.05432517258473979,-0.12383009941640921,-0.02403436509214263,-0.054034913935910645,-0.0919346917634476,-0.11219354239747492,-0.07030487498787341,-0.179870970863365,-0.020709701606414832,-0.00033787310971433726,-0.14693711478624705,-0.0970758187844254,-0.04863053065482692,-0.027551784418138325,-0.1020358606121583,-0.018872458903638645,-0.0158949265123427,-0.03251416810249452
